São_Paulo,-23.5500,-46.6333
Rio_de_Janeiro,-22.9114,-43.2058
Belo_Horizonte,-19.9167,-43.9333
Porto_Alegre,-30.0331,-51.2300
Vila_Velha,-20.3364,-40.2936
Campo_Grande,-20.4839,-54.6150
São_Bernardo_do_Campo,-23.7000,-46.5500
Santo_André,-23.6572,-46.5333
São_José_dos_Campos,-23.1789,-45.8869
Ribeirão_Prêto,-21.1783,-47.8067
Feira_de_Santana,-12.2500,-38.9500
Juiz_de_Fora,-21.7619,-43.3494
Vila_Velha,-20.3364,-40.2936
Caxias_do_Sul,-29.1667,-51.1833
Porto_Velho,-8.7619,-63.9039
Mogi_das_Cruzes,-23.5228,-46.1878
Campina_Grande,-7.2306,-35.8811
Montes_Claros,-16.7306,-43.8639
Vitória_da_Conquista,-14.8658,-40.8389
Ribeirão_das_Neves,-19.7669,-44.0869
Ponta_Grossa,-25.4167,-49.2500
Praia_Grande,-24.0061,-46.4028
Governador_Valadares,-18.8508,-41.9489
Taboão_da_Serra,-23.5328,-46.7994
São_José_dos_Pinhais,-25.5350,-49.2058
Volta_Redonda,-22.5228,-44.1039
Foz_do_Iguaçu,-25.5400,-54.5875
Juazeiro_do_Norte,-7.2000,-39.3333
São_Carlos,-22.0000,-47.8908
Novo_Hamburgo,-29.6778,-51.1308
Presidente_Prudente,-22.1256,-51.3889
Sete_Lagoas,-19.4658,-44.2469
São_Leopoldo,-29.7600,-51.1469
Rio_Grande,37.7975,-107.5431
Cachoeiro_de_Itapemirim,-20.8489,-41.1128
Angra_dos_Reis,-23.0067,-44.3181
Cabo_Frio,-22.8789,-42.0189
Passo_Fundo,-28.2500,-52.4000
Ferraz_de_Vasconcelos,-23.5411,-46.3689
Nova_Friburgo,-22.2819,-42.5311
Barra_Mansa,-22.5439,-44.1708
Nossa_Senhora_do_Socorro,-10.8550,-37.0592
Francisco_Morato,-23.2817,-46.7425
Itapecerica_da_Serra,-23.7172,-46.8494
São_José_de_Ribamar,-2.5500,-44.0500
Bragança_Paulista,-22.9531,-46.5422
São_Caetano_do_Sul,-23.7000,-46.5500
Teixeira_de_Freitas,-17.5403,-39.7436
Poços_de_Caldas,-21.7878,-46.5608
Patos_de_Minas,-18.5817,-46.5147
Mogi_Guaçu,-22.3719,-46.9419
Franco_da_Rocha,-23.3286,-46.7244
Jaraguá_do_Sul,-26.4833,-49.0667
Rio_das_Ostras,-22.5269,-41.9450
Teófilo_Otoni,-17.8578,-41.5050
Pouso_Alegre,-22.2281,-45.9336
Vitória_de_Santo_Antão,-8.1264,-35.3075
Santana_de_Parnaíba,-23.4439,-46.9178
Ribeirão_Pires,-23.7153,-46.4194
Paulo_Afonso,-9.4000,-38.2250
Santa_Cruz_do_Sul,-29.7178,-52.4258
Várzea_Paulista,-23.2114,-46.8283
Conselheiro_Lafaiete,-20.6600,-43.7858
Três_Lagoas,-20.7511,-51.6783
Paço_do_Lumiar,-2.5319,-44.1078
Coronel_Fabriciano,-19.5189,-42.6289
São_Lourenço_da_Mata,-8.0019,-35.0178
Santo_Antônio_de_Jesus,-12.9692,-39.2611
Barra_do_Piraí,-22.4700,-43.8258
Mogi_Mirim,-22.4319,-46.9578
São_Félix_do_Xingu,-6.6333,-51.9833
São_João_del_Rei,-21.1358,-44.2619
São_João_da_Boa_Vista,-21.9692,-46.7981
Ponta_Porã,-22.5358,-55.7258
São_Pedro_da_Aldeia,-22.8389,-42.1028
Santa_Cruz_do_Capibaribe,-7.9569,-36.2050
Nova_Lima,-19.9858,-43.8469
São_Cristóvão,-11.0150,-37.2058
Cachoeira_do_Sul,-30.0392,-52.8939
Senador_Canedo,-16.7594,-49.0864
Serra_Talhada,-7.9833,-38.3000
Pará_de_Minas,-19.8600,-44.6078
Santana_do_Livramento,-30.8775,-55.5331
Barra_do_Corda,-5.5000,-45.2500
Campo_Mourão,-24.0458,-52.3828
Senhor_do_Bonfim,-10.4500,-40.1833
Pato_Branco,-26.2167,-52.6667
Telêmaco_Borba,-24.3500,-50.6167
Francisco_Beltrão,-26.0833,-53.0500
Três_Rios,-22.1169,-43.2089
Santa_Inês,-3.6689,-45.3839
Santo_Ângelo,-28.2833,-54.2500
Rio_Largo,-9.4778,-35.8528
São_Bento_do_Sul,-26.2500,-49.3833
Palmeira_dos_Índios,-9.4069,-36.6278
Ouro_Prêto,-20.3853,-43.5036
Nova_Serrana,-19.8667,-44.9833
João_Monlevade,-19.8100,-43.1739
Três_Corações,-21.6947,-45.2553
Belo_Jardim,-8.3358,-36.4239
Casa_Nova,-9.1619,-40.9708
Caldas_Novas,-17.7450,-48.6250
São_Sebastião_do_Paraíso,-20.9169,-46.9908
Bom_Jesus_da_Lapa,-13.2550,-43.4178
Conceição_do_Coité,-11.5500,-39.2667
Lençóis_Paulista,-22.5986,-48.8003
União_dos_Palmares,-9.1628,-36.0319
Venâncio_Aires,-29.6000,-52.1833
Cruz_das_Almas,-12.6700,-39.1019
Santo_Antônio_do_Descoberto,-15.9436,-48.2594
Itapecuru_Mirim,-3.3928,-44.3589
Morada_Nova,-5.1069,-38.3728
Rio_do_Sul,-27.2167,-49.6500
São_Miguel_dos_Campos,-9.7808,-36.0939
Campo_Bom,-29.6789,-51.0528
Santa_Isabel_do_Pará,-1.2667,-48.1833
Lucas_do_Rio_Verde,-13.0719,-55.9192
Barra_do_Garças,-15.8900,-52.2567
Pedro_Leopoldo,-19.6178,-44.0428
Ponte_Nova,-20.4158,-42.9089
Nova_Odessa,-22.7797,-47.2961
Limoeiro_do_Norte,-5.1333,-38.0833
Monte_Mor,-22.9467,-47.3150
Rolim_de_Moura,-11.7256,-61.7781
Viçosa_do_Ceará,-3.5667,-41.0833
São_José_do_Rio_Pardo,-21.5956,-46.8886
Cachoeiras_de_Macacu,-22.4628,-42.6528
Três_Pontas,-21.3703,-45.5122
São_Francisco_do_Sul,-26.2428,-48.6378
São_Bento_do_Una,-8.5228,-36.4439
Capitão_Poço,-1.7500,-47.0833
União_da_Vitória,-26.2167,-51.0833
Delmiro_Gouveia,-9.3858,-37.9958
Porto_Feliz,-23.2147,-47.5239
São_Miguel_do_Guamá,-1.6167,-47.4500
Campo_Belo,-20.8969,-45.2769
Ribeira_do_Pombal,-10.8333,-38.5333
Campos_do_Jordão,-22.7389,-45.5908
Artur_Nogueira,-22.5731,-47.1725
Alta_Floresta,-12.5450,-55.7108
São_Joaquim_da_Barra,-20.5808,-47.8550
Vargem_Grande,-3.5431,-43.9158
Porto_Nacional,-10.7078,-48.4169
Vargem_Grande_Paulista,-23.6028,-47.0258
Rio_Grande_da_Serra,-23.7439,-46.3978
Santana_do_Ipanema,-9.3778,-37.2450
Capão_Bonito,-24.0058,-48.3494
Rondon_do_Pará,-4.7758,-48.0669
Cornélio_Procópio,-23.1333,-50.6500
Marechal_Cândido_Rondon,-24.5667,-54.0667
Santa_Cruz_do_Rio_Pardo,-22.8989,-49.6328
Conceição_do_Araguaia,-7.5539,-49.7128
Livramento_de_Nossa_Senhora,-13.6428,-41.8408
Nova_Venécia,-18.7108,-40.4008
Lagoa_da_Prata,-20.0228,-45.5439
Mata_de_São_João,-12.5306,-38.2997
Monte_Carmelo,-18.7267,-47.4994
Bom_Conselho,-9.1700,-36.6800
São_Sebastião_do_Passé,-12.5128,-38.4950
João_Pinheiro,-17.7442,-46.1739
Brejo_Santo,-7.4833,-39.0000
Brejo_da_Madre_de_Deus,-8.1500,-36.3667
Paraguaçu_Paulista,-22.4197,-50.5797
Paraíso_do_Tocantins,-10.1833,-48.8000
São_Benedito,-4.0489,-40.8650
Salto_de_Pirapora,-23.6489,-47.5733
Pontes_e_Lacerda,-15.2258,-59.3350
Presidente_Epitácio,-21.7647,-52.1053
Nova_Viçosa,-17.8833,-39.3667
Sena_Madureira,-9.0658,-68.6569
São_Gabriel_da_Cachoeira,-0.1192,-67.0828
Santo_Antônio_da_Platina,-23.2667,-50.1000
Currais_Novos,-6.2500,-36.5167
Estância_Velha,-29.6500,-51.1833
Capão_da_Canoa,-29.7667,-50.0167
Vargem_Grande_do_Sul,-21.8328,-46.8922
Santa_Maria_da_Vitória,-13.4000,-44.2000
São_Mateus_do_Sul,-25.8667,-50.3833
Girau_do_Ponciano,-9.8839,-36.8289
Paraíba_do_Sul,-21.6000,-41.0167
Dois_Vizinhos,-26.0833,-53.0500
Rio_Real,-11.4667,-37.9333
Barra_de_São_Francisco,-18.7550,-40.8908
Santo_Antônio_de_Pádua,-21.5389,-42.1800
Augusto_Correa,-1.0272,-46.6447
São_Manuel,-22.7308,-48.5708
Águas_Belas,-9.1000,-35.1000
Rio_Negrinho,-26.2500,-49.5167
São_José_de_Mipibu,-6.0833,-35.2500
Santa_Maria_da_Boa_Vista,-8.8089,-39.8250
Presidente_Venceslau,-21.8761,-51.8439
São_Francisco_do_Conde,-12.6500,-38.6833
Rosário_do_Sul,-30.2500,-54.9167
São_Mateus_do_Maranhão,-4.0333,-44.4667
Campina_Grande_do_Sul,-25.3058,-49.0550
Simão_Dias,-10.7389,-37.8100
Várzea_Alegre,-6.7889,-39.2958
Dom_Pedrito,-30.9669,-54.6669
Américo_Brasiliense,-21.7361,-48.1114
Amarante_do_Maranhão,-5.6000,-46.7500
Guaraciaba_do_Norte,-4.1667,-40.7667
Santa_Rita_do_Sapucaí,-22.2519,-45.7028
Rio_Pardo,-29.9897,-52.3781
São_Gonçalo_dos_Campos,-12.4328,-38.9669
São_Fidélis,-21.6458,-41.7469
José_de_Freitas,-4.7500,-42.5833
Pimenta_Bueno,-11.6725,-61.1936
São_Paulo_de_Olivença,-3.4594,-68.9333
Santa_Helena_de_Goiás,-17.7214,-50.6036
Várzea_da_Palma,-17.5978,-44.7308
Rio_Brilhante,-21.8019,-54.5458
Pilão_Arcado,-10.0028,-42.5039
Bom_Jesus_do_Itabapoana,-21.1339,-41.6800
Riachão_do_Jacuípe,-11.8100,-39.3819
Além_Paraíba,-21.8878,-42.7039
Nova_Olinda_do_Norte,-3.8878,-59.0939
Afogados_da_Ingazeira,-7.7508,-37.6389
Barra_do_Choça,-14.8808,-40.5789
São_Luís_do_Quitunde,-9.3178,-35.5608
Cícero_Dantas,-10.6000,-38.3833
Armação_dos_Búzios,-22.7469,-41.8819
Missão_Velha,-7.2500,-39.1428
Poço_Redondo,-9.8058,-37.6850
Barra_do_Bugres,-15.0728,-57.1808
São_Domingos_do_Maranhão,-5.7000,-44.3667
Caçapava_do_Sul,-30.5122,-53.4908
Palmeira_das_Missões,-27.9167,-53.2833
Água_Preta,-8.7069,-35.5308
Campos_Novos,-27.4019,-51.2250
Presidente_Figueiredo,-2.0172,-60.0250
Santa_Cruz_das_Palmeiras,-21.8269,-47.2486
São_João_da_Barra,-21.6400,-41.0508
São_Desidério,-12.3667,-44.9667
São_José_do_Belmonte,-7.8608,-38.7600
Osvaldo_Cruz,-21.7967,-50.8786
São_Raimundo_Nonato,-9.0150,-42.6989
Cachoeira_Paulista,-22.6650,-45.0094
Miguel_Alves,-4.1667,-42.9000
São_José_da_Tapera,-9.5578,-37.3808
Domingos_Martins,-20.3628,-40.6589
São_José_do_Egito,-7.4789,-37.2744
São_Gotardo,-19.3108,-46.0489
Morro_Agudo,-20.7314,-48.0578
Ouro_Fino,-22.2828,-46.3689
Santa_Fé_do_Sul,-20.2689,-50.5458
Araçoiaba_da_Serra,-23.5053,-47.6142
Vitória_do_Mearim,-3.4667,-44.8833
Brasília_de_Minas,-16.2078,-44.4289
Cândido_Mota,-22.7464,-50.3869
Lavras_da_Mangabeira,-6.7500,-38.9500
Santa_Vitória_do_Palmar,-33.5189,-53.3681
Nova_Russas,-4.7000,-40.5667
Bela_Cruz,-3.0508,-40.1678
Colinas_do_Tocantins,-8.0589,-48.4750
Nazaré_da_Mata,-7.7419,-35.2278
Minas_Novas,-17.2189,-42.5900
Laranjeiras_do_Sul,-25.4167,-52.4167
João_Alfredo,-7.8558,-35.5878
Novo_Cruzeiro,-17.4678,-41.8750
Rio_Branco_do_Sul,-25.1667,-49.3000
Rio_Preto_da_Eva,-2.6989,-59.7000
Afonso_Cláudio,-20.0739,-41.1239
Catolé_do_Rocha,-6.3500,-37.7500
São_Luís_de_Montes_Belos,-16.5222,-50.3789
Santana_do_Acaraú,-3.4500,-40.2000
Campo_Alegre_de_Lourdes,-9.5158,-43.0108
Carmo_do_Paranaíba,-19.0008,-48.3158
Capim_Grosso,-11.3808,-40.0128
Tabuleiro_do_Norte,-5.2500,-38.1167
Santa_Quitéria_do_Maranhão,-3.5167,-42.5333
Rio_Pardo_de_Minas,-15.6056,-42.5342
Baixo_Guandu,-19.5189,-41.0158
Laranjal_Paulista,-23.0497,-47.8367
Glória_do_Goitá,-8.0019,-35.2928
Braço_do_Norte,-28.2750,-49.1658
Limoeiro_de_Anadia,-9.7414,-36.5033
Frederico_Westphalen,-27.3667,-53.4000
Santa_Rita_de_Cássia,-11.0000,-44.5333
Pires_do_Rio,-17.3014,-48.2800
Alagoa_Grande,-7.0889,-35.6350
Oeiras_do_Pará,-1.9667,-49.8500
Conceição_da_Barra,-18.5928,-39.7319
Barão_de_Cocais,-19.9458,-43.4869
Luís_Correia,-2.8789,-41.6669
Serra_Negra,-22.6119,-46.7008
Três_Marias,-18.2000,-45.2333
Pilar_do_Sul,-23.8128,-47.7158
Pedras_de_Fogo,-7.3833,-35.1167
Santa_Cruz_Cabrália,-16.2778,-39.0250
Careiro_da_Várzea,-3.2208,-59.8258
Mateus_Leme,-19.9858,-44.4278
Limoeiro_do_Ajuru,-1.9167,-49.3833
Pau_dos_Ferros,-6.1108,-38.2089
Arraial_do_Cabo,-22.9658,-42.0278
Campos_Gerais,-21.2350,-45.7589
Boca_da_Mata,-9.6408,-36.2200
Dois_Irmãos,-29.5800,-51.0850
Miguel_Calmon,-11.4289,-40.5950
Lagoa_Vermelha,-28.2089,-51.5258
Santa_Rita_do_Passa_Quatro,-21.7103,-47.4781
Novo_Oriente,-5.5339,-40.7739
Ourilândia_do_Norte,-6.7550,-51.0839
Porto_Calvo,-9.0450,-35.3978
Santana_do_Paraíso,-19.3639,-42.5689
Porto_da_Folha,-9.9169,-37.2778
Flores_da_Cunha,-29.0306,-51.1833
Cândido_Sales,-15.5050,-41.2389
Santo_Antônio_do_Tauá,-1.1833,-48.1333
Dois_Córregos,-22.3661,-48.3803
Água_Azul_do_Norte,-6.7908,-50.4669
São_João_Nepomuceno,-21.5400,-43.0108
Ilha_Solteira,-20.4272,-51.3436
Humberto_de_Campos,-2.6000,-43.4667
Coração_de_Jesus,-16.6850,-44.3650
Ponta_de_Pedras,-1.3900,-48.8708
Santo_Antônio_do_Monte,-20.0869,-45.6272
Mimoso_do_Sul,-21.0639,-41.3658
Nova_Soure,-11.2333,-38.4833
São_Miguel_do_Iguaçu,-25.3500,-54.1667
Pereira_Barreto,-20.6383,-51.1092
Mata_Grande,-9.1178,-37.7339
São_Joaquim_de_Bicas,-20.0489,-44.2739
São_José_do_Norte,-32.0150,-52.0419
Senador_Pompeu,-5.5833,-39.3667
Formosa_do_Rio_Preto,-11.0478,-45.1928
Elói_Mendes,-21.6103,-45.5689
Carlos_Barbosa,-29.3000,-51.5000
São_João_da_Ponte,-15.9303,-44.0061
Barra_dos_Coqueiros,-10.9089,-37.0389
São_João_dos_Patos,-6.5000,-43.7000
Taquaritinga_do_Norte,-7.9000,-36.0500
Campo_Magro,-25.3689,-49.4508
São_Joaquim,-28.2939,-49.9319
Pão_de_Açúcar,-22.9486,-43.1572
Aparecida_do_Taboado,-20.0869,-51.0939
Santa_Gertrudes,-22.4567,-47.5303
São_Geraldo_do_Araguaia,-6.4000,-48.5333
Canindé_de_São_Francisco,-9.6419,-37.7878
Álvares_Machado,-22.0744,-51.4733
Urbano_Santos,-3.2000,-43.3833
Bela_Vista_de_Goiás,-16.9667,-48.9500
Encruzilhada_do_Sul,-30.5333,-52.5167
Igaraçu_do_Tietê,-22.5092,-48.5578
Vila_Rica,-20.3853,-43.5036
Novo_Aripuanã,-5.1214,-60.3806
Capão_do_Leão,-31.7628,-52.4839
Bela_Vista,-23.5603,-46.6486
São_Miguel_do_Guaporé,-11.6936,-62.7114
São_José_da_Laje,-9.0100,-36.0578
Vila_do_Conde,41.3528,-8.7444
Aldeias_Altas,-4.6278,-43.4708
São_Gonçalo_do_Sapucaí,-21.8919,-45.5950
Monte_Aprazível,-20.7725,-49.7142
Três_Passos,-27.4558,-53.9319
Três_Coroas,-29.5153,-50.7794
Pedra_Azul,-16.0050,-41.2969
Três_de_Maio,-27.7525,-54.2436
Raul_Soares,-20.0833,-42.3667
Santo_Antônio_do_Içá,-3.1019,-67.9400
São_Sepé,-30.1667,-53.5667
Ribas_do_Rio_Pardo,-20.4428,-53.7589
Medeiros_Neto,-17.3333,-40.2333
Piraí_do_Sul,-24.5167,-49.9333
Belo_Oriente,-19.2200,-42.4839
Palmeiras_de_Goiás,-16.7933,-49.8853
Riachão_das_Neves,-11.7458,-44.9100
Coração_de_Maria,-12.2328,-38.7500
Conceição_das_Alagoas,-19.9150,-48.3878
Santa_Maria_do_Pará,-1.3500,-47.5667
Bom_Jesus_dos_Perdões,-23.1350,-46.4653
Princesa_Isabel,-7.7369,-37.9928
São_Sebastião_da_Boa_Vista,-1.7178,-49.5408
Buriti_Bravo,-5.8333,-43.8333
Espera_Feliz,-20.6500,-41.9069
Iguaba_Grande,-22.8389,-42.2289
Nova_Prata,-28.7833,-51.6000
Cachoeira_do_Arari,-1.0108,-48.9628
Oliveira_dos_Brejinhos,-12.3167,-42.9000
Conceição_da_Feira,-12.5058,-38.9989
Wenceslau_Guimarães,-13.6869,-39.4789
Palmas_de_Monte_Alto,-14.2667,-43.1667
Santa_Isabel_do_Rio_Negro,-0.4139,-65.0189
Barra_da_Estiva,-13.6258,-41.3269
Santo_Antônio_de_Posse,-22.6061,-46.9194
Barra_Velha,-26.6156,-48.6847
São_João_do_Paraíso,-15.3133,-42.0150
São_Miguel_do_Araguaia,-13.2889,-50.1542
Conselheiro_Pena,-19.1667,-41.4667
Feira_Grande,-9.9000,-36.6778
Rio_Formoso,-8.6667,-35.1500
São_Jerônimo,-29.9589,-51.7219
Poço_Verde,-10.7106,-38.1828
São_Sebastião_do_Caí,-29.5869,-51.3758
Colônia_Leopoldina,-8.9089,-35.7250
São_Felipe,-12.8469,-39.0889
Senador_Guiomard,-10.1508,-67.7358
Porto_Franco,-6.3378,-47.3989
Silva_Jardim,-22.6508,-42.3919
Monte_Santo_de_Minas,-21.2000,-46.9833
Conceição_de_Macabu,-22.0850,-41.8678
Monte_Sião,-22.4328,-46.5728
Baixa_Grande,-11.9600,-40.1678
Santo_Anastácio,-21.8383,-51.6103
Pontal_do_Paraná,-25.5833,-48.3500
Nova_Granada,-20.5339,-49.3142
Monte_Azul,-15.1553,-42.8589
Miracema_do_Tocantins,-9.5669,-48.3919
Lagoa_do_Itaenga,-7.9167,-35.3333
São_João_de_Pirabas,-0.7667,-47.1667
Coronel_Vivida,-25.9667,-52.5667
Nova_Xavantina,-14.6728,-52.3528
Alagoa_Nova,-7.0708,-35.7578
São_Joaquim_do_Monte,-8.4167,-35.8500
Carmo_do_Rio_Claro,-20.9731,-46.1189
Cruzeiro_do_Oeste,-23.7667,-53.0667
João_Lisboa,-5.3667,-47.2833
Valença_do_Piauí,-6.4000,-41.7500
Sátiro_Dias,-11.6000,-38.6000
Jandaia_do_Sul,-23.6000,-51.6500
Belém_de_São_Francisco,-8.7578,-38.9639
São_José_do_Rio_Preto,-20.8081,-49.3811
Porto_Real_do_Colégio,-10.1858,-36.8400
São_Luís_Gonzaga_do_Maranhão,-4.3833,-44.6667
Chã_Grande,-8.0008,-35.2133
São_Marcos,-28.9708,-51.0678
Canto_do_Buriti,-8.1167,-42.9667
Carmo_do_Cajuru,-20.1839,-44.7708
São_José_de_Piranhas,-7.1167,-38.5000
Major_Isidoro,-9.5319,-36.9850
Quatro_Barras,-25.3667,-49.0833
Santo_Amaro_da_Imperatriz,-27.6878,-48.7789
Regente_Feijó,-22.2214,-51.3028
Monte_Alegre_de_Minas,-18.8708,-48.8808
São_João_do_Piauí,-8.3500,-42.2500
Rio_Verde_de_Mato_Grosso,-18.9178,-54.8439
Capela_do_Alto,-23.4706,-47.7347
Riachão_do_Dantas,-11.0689,-37.7250
Campina_Verde,-19.5333,-49.4833
Monte_Azul_Paulista,-20.9072,-48.6414
Águas_Formosas,-17.0819,-40.9358
Júlio_de_Castilhos,-29.2269,-53.6817
Riacho_das_Almas,-8.1333,-35.8667
Vargem_Alta,-20.6708,-41.0069
Cerqueira_César,-23.0356,-49.1661
Buriti_dos_Lopes,-3.1667,-41.8667
Nova_Petrópolis,-29.3669,-51.1000
Cabaceiras_do_Paraguaçu,-12.5500,-39.1833
Chapada_dos_Guimarães,-15.4608,-55.7500
Santo_Antônio_do_Sudoeste,-26.0667,-53.7333
Padre_Paraíso,-17.0667,-41.4833
Arroio_do_Meio,-29.4008,-51.9450
Farias_Brito,-6.9272,-39.5728
Boa_Vista_do_Tupim,-12.6600,-40.6089
Engenheiro_Coelho,-22.4883,-47.2150
Presidente_Olegário,-18.4178,-46.4178
Conceição_do_Almeida,-12.6178,-39.9558
Arroio_Grande,-32.2378,-53.0869
Siqueira_Campos,-23.6889,-49.8339
Campos_Belos,-13.0369,-46.7719
Formoso_do_Araguaia,-11.8025,-49.5283
Serra_Dourada,-12.7608,-43.9500
Belo_Campo,-15.0378,-41.2600
Castelo_do_Piauí,-5.3333,-41.5500
Águas_de_Lindóia,-22.4767,-46.6333
Porto_Real,-22.4200,-44.2900
Santo_Antônio_do_Leverger,-15.8658,-56.0769
São_José_da_Coroa_Grande,-8.9000,-35.1500
Alto_Araguaia,-17.3167,-53.2000
São_Miguel_do_Tapuio,-5.5000,-41.3333
Atalaia_do_Norte,-4.3719,-70.1919
Três_Barras,-26.1064,-50.3222
Pastos_Bons,-6.6019,-44.0769
Cruz_Machado,-26.0167,-51.3500
Mirante_do_Paranapanema,-22.2919,-51.9064
Mâncio_Lima,-7.6139,-72.8958
São_Benedito_do_Rio_Preto,-3.3333,-43.5833
Nazaré_Paulista,-23.1808,-46.3950
Lagoa_da_Canoa,-9.8300,-36.7378
Tanque_Novo,-13.5458,-42.4908
Rio_Maria,-3.8378,-50.6378
Pio_IX,-6.8378,-40.5789
Novo_Airão,-2.6208,-60.9439
Ribeirão_Branco,-24.2208,-48.7656
Pirapora_do_Bom_Jesus,-23.3972,-47.0028
Poção_de_Pedras,-4.7500,-44.9333
Magalhães_de_Almeida,-3.4000,-42.2000
Passagem_Franca,-6.1667,-43.7833
Rio_Bananal,-19.2650,-40.3328
Nova_Era,-19.7500,-43.0378
Conceição_do_Mato_Dentro,-19.0369,-43.4250
São_Raimundo_das_Mangabeiras,-7.0167,-45.4833
Santo_Antônio_do_Amparo,-20.9458,-44.9189
Souto_Soares,-12.0889,-41.6378
São_Domingos_do_Prata,-19.8650,-42.9678
Cruz_do_Espírito_Santo,-7.1333,-35.1000
Santa_Maria_das_Barreiras,-8.8550,-49.7219
Santana_do_Cariri,-7.1833,-39.7333
Cesário_Lange,-23.2267,-47.9531
Lagoa_Formosa,-18.7789,-46.4078
Cacimba_de_Dentro,-6.6419,-35.7900
Borda_da_Mata,-22.2739,-46.1650
Rio_Pomba,-21.2667,-43.1667
Camocim_de_São_Félix,-8.3500,-35.7667
Abelardo_Luz,-26.5647,-52.3283
Elias_Fausto,-23.0428,-47.3739
Nova_Canaã,-14.7939,-40.1419
Carmópolis_de_Minas,-20.5500,-44.6333
Água_Fria,-11.8669,-38.7669
Costa_Marques,-12.4450,-64.2272
Rosário_Oeste,-14.8358,-56.4278
Terra_Santa,-2.1039,-56.4869
América_Dourada,-11.4550,-41.4358
São_Caetano_de_Odivelas,-0.7500,-48.0333
Alto_Santo,-5.5208,-38.2719
Pedra_Preta,-16.6228,-54.4739
Campo_do_Brito,-10.7328,-37.4928
Monsenhor_Tabosa,-4.7833,-40.0667
Bady_Bassitt,-20.9181,-49.4453
Otacílio_Costa,-27.5667,-50.1167
Ponto_Novo,-10.8619,-40.1339
Morro_da_Fumaça,-28.4667,-49.0069
Porto_Belo,-27.1578,-48.5528
Barra_de_Santo_Antônio,-9.4050,-35.5069
Nova_Ipixuna,-4.9208,-49.0769
Lagoa_do_Carro,-7.8450,-35.3200
Poço_Fundo,-21.7808,-45.9650
São_Paulo_do_Potengi,-5.9167,-35.7500
João_Neiva,-19.7578,-40.3858
Lagoa_Real,-14.0333,-42.1333
Santa_Cecília,-26.9608,-50.4269
Rio_do_Antônio,-14.4000,-42.0833
Lagoa_dos_Gatos,-8.6578,-35.9000
Passa_Quatro,-22.3900,-44.9669
São_João_Evangelista,-18.5478,-42.7628
Piquet_Carneiro,-5.8000,-39.4167
Vila_Bela_da_Santíssima_Trindade,-15.0078,-59.9508
Salinas_da_Margarida,-12.8667,-38.7667
Nova_Resende,-21.1258,-46.4200
Serra_Preta,-12.1600,-39.3319
Terra_Rica,-22.7167,-52.6333
Santa_Adélia,-21.2428,-48.8039
São_Lourenço_da_Serra,-23.8528,-46.9428
Tupi_Paulista,-21.3811,-51.5706
Mata_Roma,-3.6167,-43.1167
Barra_de_Santa_Rosa,-6.7167,-36.0667
Bela_Vista_do_Paraíso,-23.0000,-51.2000
Grão_Mogol,-16.5667,-42.9000
Itaú_de_Minas,-20.7389,-46.7519
Presidente_Getúlio,-27.0508,-49.6228
Bom_Jesus_do_Galho,-19.8289,-42.3158
Brasil_Novo,-3.2619,-52.6678
Bom_Lugar,-4.2200,-45.0389
Dionísio_Cerqueira,-26.2500,-53.6333
Pouso_Redondo,-27.2578,-49.9339
Cândido_de_Abreu,-24.5833,-51.3333
Nova_Timboteua,-1.2000,-47.4000
Água_Clara,-20.4478,-52.8778
Boa_Nova,-14.3628,-40.2078
Boa_Esperança_do_Sul,-21.9925,-48.3908
Tijucas_do_Sul,-25.9333,-49.1833
Santa_Branca,-23.3967,-45.8839
Barra_do_Mendes,-11.8100,-42.0589
Paulino_Neves,-2.7167,-42.5500
Elesbão_Veloso,-6.2167,-42.1333
Poço_das_Trincheiras,-9.3128,-37.2858
Manoel_Vitorino,-14.1450,-40.2428
Pé_de_Serra,-11.8339,-39.6128
Santa_Maria_do_Suaçuí,-18.2000,-42.4167
Dom_Feliciano,-30.7000,-52.1167
Frei_Miguelinho,-7.9500,-35.9500
Santo_Antônio_dos_Lopes,-4.8689,-44.3600
Marechal_Floriano,-20.4128,-40.6828
Entre_Rios_de_Minas,-20.6708,-44.0658
Campos_Altos,-19.6958,-46.1708
Capitão_Enéas,-16.3178,-43.7092
Rio_Piracicaba,-19.9289,-43.1739
Pedro_Velho,-6.4389,-35.2208
Patrocínio_Paulista,-20.6394,-47.2817
Maria_da_Fé,-22.3078,-45.3750
Campina_da_Lagoa,-24.5500,-52.7167
Astolfo_Dutra,-21.3167,-42.8667
Alfredo_Chaves,-20.6350,-40.7500
Primeira_Cruz,-2.5000,-43.4333
Poço_Branco,-5.6228,-35.6628
Engenheiro_Beltrão,-23.7972,-52.2692
Brejo_do_Cruz,-6.3489,-37.4978
Frei_Paulo,-10.5489,-37.5339
Santo_Augusto,-27.8500,-53.7833
Cabo_Verde,14.9167,-23.5167
Joaquim_Pires,-3.5167,-42.2000
Carmo_de_Minas,-22.1219,-45.1289
São_João_do_Triunfo,-25.6667,-50.3333
São_José_do_Cedro,-26.5000,-53.5000
Alto_Paraná,-25.4167,-54.6333
Alto_Longá,-5.2500,-42.2000
Caldeirão_Grande,-11.0200,-40.3028
São_Pedro_do_Piauí,-5.9333,-42.7167
Monte_Alegre_de_Sergipe,-10.0269,-37.5619
Virgem_da_Lapa,-16.8167,-42.3500
Rio_de_Contas,-13.5789,-41.8108
Arroio_dos_Ratos,-30.0769,-51.7289
Águas_Vermelhas,-15.7500,-41.4667
Jardim_de_Piranhas,-6.3667,-37.3333
Rio_Casca,-20.2258,-42.6508
Várzea_Nova,-11.2589,-40.9419
Abre_Campo,-20.3008,-42.4778
Matias_Barbosa,-21.8667,-43.3167
Tenente_Portela,-27.3708,-53.7578
Dores_do_Indaiá,-19.4628,-45.6019
Luís_Antônio,-21.5550,-47.7044
Sítio_do_Mato,-13.0850,-43.4650
Demerval_Lobão,-5.3667,-42.6833
Alto_Alegre_dos_Parecis,-12.1278,-61.8508
Engenheiro_Paulo_de_Frontin,-22.5500,-43.6778
Serra_Azul,-21.3108,-47.5656
Mario_Campos,-20.0558,-44.1878
Presidente_Jânio_Quadros,-14.6889,-41.6778
São_João_do_Araguaia,-5.3833,-48.7667
Sete_Barras,-24.3878,-47.9256
Nova_Londrina,-22.7500,-53.0000
Monte_Belo,-21.3258,-46.3678
Tabocas_do_Brejo_Velho,-12.7058,-44.0069
Governador_Celso_Ramos,-27.3150,-48.5589
Santa_Luzia_do_Itanhy,-11.3508,-37.4478
Licínio_de_Almeida,-14.6833,-42.5000
Conceição_do_Rio_Verde,-21.8833,-45.0833
Ribeirão_do_Pinhal,-23.4000,-50.3000
Ribeirão_Bonito,-22.0667,-48.1761
Mar_de_Espanha,-21.8667,-43.0167
Tomar_do_Geru,-11.3728,-37.8408
Antônio_Prado,-28.8578,-51.2828
Nova_Ponte,-19.1983,-47.7300
São_Sebastião_do_Uatumã,-2.5719,-57.8708
Novo_Lino,-9.2608,-37.9361
Rio_Vermelho,-18.2939,-43.0089
Mineiros_do_Tietê,-22.4094,-48.4506
Arroio_do_Tigre,-29.3328,-53.0928
Martinho_Campos,-19.3319,-45.2369
Cardoso_Moreira,-21.4878,-41.6158
Barra_do_Ribeiro,-30.3000,-51.3000
Correia_Pinto,-27.5833,-50.4000
Buenos_Aires,-34.6033,-58.3817
Dom_Basílio,-13.7333,-41.7667
Santa_Mariana,-23.1500,-50.5500
Valentim_Gentil,-20.4219,-50.0878
Mato_Verde,-15.3981,-42.8567
Governador_Dix-Sept_Rosado,-5.4667,-37.5167
São_José_do_Campestre,-6.3158,-35.7139
São_Sebastião_da_Grama,-21.7106,-46.8208
Palmares_Paulista,-21.0828,-48.8008
São_Luís_do_Curu,-3.6667,-39.2333
Mirante_da_Serra,-11.0297,-62.6750
Alto_do_Rodrigues,-5.2833,-36.7667
Lagoa_Dourada,-20.9167,-44.0833
Antônio_Cardoso,-12.4350,-39.1200
Mulungu_do_Morro,-11.9500,-41.6167
Santa_Leopoldina,-20.1008,-40.5300
Pinheiro_Machado,-31.5778,-53.3725
Nova_Trento,-27.2867,-48.9303
Antônio_Gonçalves,-10.5728,-40.2739
Ielmo_Marinho,-5.8167,-35.5500
São_Francisco_do_Maranhão,-6.2500,-42.8667
Salgado_de_São_Félix,-7.3500,-35.4333
Lagoa_do_Ouro,-9.1269,-36.4589
Capela_do_Alto_Alegre,-11.6667,-39.8500
Jardim_do_Seridó,-6.5833,-36.7667
Rio_do_Pires,-13.1167,-42.3000
Simplício_Mendes,-7.8500,-41.9000
Flores_de_Goiás,-14.4606,-47.0317
Moreira_Sales,-24.0167,-53.0500
São_Pedro_da_Água_Branca,-5.0850,-48.4289
Dário_Meira,-14.4358,-39.9078
São_Miguel_das_Matas,-13.0167,-39.4500
Santana_do_Matos,-5.9500,-36.6500
Nova_Crixás,-14.0981,-50.3239
Rio_Paranaíba,-19.1939,-46.2469
Lebon_Régis,-26.9333,-50.7000
Bom_Princípio,-29.4833,-51.3500
Carnaubeira_da_Penha,-8.3219,-38.7439
Paraíso_do_Norte,-23.2167,-52.6333
Santa_Cruz_da_Baixa_Verde,-7.8167,-38.1667
Sítio_do_Quinto,-10.3667,-38.2167
Querência_do_Norte,-23.0839,-53.4839
Bonito_de_Santa_Fé,-7.3167,-38.5167
Conceição_do_Castelo,-20.3678,-41.2439
São_Sebastião_de_Lagoa_de_Roça,-7.0828,-35.8350
São_João_do_Manhuaçu,-20.3939,-42.1508
Fortaleza_dos_Nogueiras,-6.9000,-46.1500
Capela_de_Santana,-29.7000,-51.3333
Santo_Antônio_do_Jacinto,-16.5339,-40.1758
Pedro_Afonso,-8.9833,-48.0167
Alto_Garças,-16.9333,-53.5333
Sebastião_Laranjeiras,-14.5728,-42.9400
Buriti_do_Tocantins,-5.3158,-48.2289
Muquém_de_São_Francisco,-12.0650,-43.5489
Senador_José_Porfírio,-2.5833,-51.9167
Campo_do_Meio,-21.1069,-45.8300
Bom_Retiro_do_Sul,-29.6167,-51.9333
Sales_Oliveira,-20.7719,-47.8381
Gentio_do_Ouro,-11.4167,-42.5000
Tibau_do_Sul,-6.1869,-35.0919
Belém_de_Maria,-8.6167,-35.8500
Santa_Juliana,-19.8650,-47.4400
Rio_Novo_do_Sul,-20.8628,-40.9358
Floresta_Azul,-14.8500,-39.6833
Balsa_Nova,-25.6000,-49.6167
Nova_Laranjeiras,-25.3000,-52.5333
Dois_Riachos,-9.3928,-37.1008
São_Félix_do_Araguaia,-11.6169,-50.6689
Jardim_Alegre,-24.1500,-51.7167
Santa_Inês,-3.6689,-45.3839
Barros_Cassal,-29.1000,-52.5833
São_Jerônimo_da_Serra,-23.7167,-50.7333
Passa_e_Fica,-6.4358,-35.6428
Nova_Ubiratã,-12.9908,-55.2550
Brotas_de_Macaúbas,-12.0000,-42.6333
Avelino_Lopes,-10.1369,-43.9489
Altamira_do_Maranhão,-4.1667,-45.4833
Cidade_Gaúcha,-23.3667,-53.0167
São_José_do_Jacuípe,-11.5000,-40.0333
Igarapé_Grande,-4.5850,-44.8528
Cachoeira_de_Minas,-22.3550,-45.7789
Céu_Azul,-25.1469,-53.8489
Ponte_Serrada,-26.8667,-51.9667
Santana_do_Mundaú,-9.1678,-36.2219
Moita_Bonita,-10.5778,-37.3428
São_Ludgero,-28.3258,-49.1767
Bocaiúva_do_Sul,-25.1833,-49.1333
Palmares_do_Sul,-30.2667,-50.5167
General_Salgado,-20.6478,-50.3608
Capitão_de_Campos,-4.4569,-41.9439
Inácio_Martins,-25.5708,-51.0789
Duas_Barras,-22.0508,-42.5219
Carmo_da_Mata,-20.5500,-44.8833
Alto_Paraguai,-14.5000,-56.5167
Resende_Costa,-20.9167,-44.2333
Pau_Brasil,-15.4639,-39.6508
Bueno_Brandão,-22.4500,-46.3500
Jerônimo_Monteiro,-20.7889,-41.3950
Estiva_Gerbi,-22.2708,-46.9450
Governador_Lindenberg,-19.2519,-40.4608
São_Bento_do_Sapucaí,-22.6889,-45.7308
Alto_Rio_Doce,-21.0333,-43.4167
Afonso_Bezerra,-5.5000,-36.5167
São_Tomé,0.3361,6.7306
Laranja_da_Terra,-19.8989,-41.0569
Alto_Parnaíba,-9.1108,-45.9300
Centenário_do_Sul,-22.8000,-51.6167
Joaquim_Távora,-23.4989,-49.9050
São_Luís_do_Paraitinga,-23.2219,-45.3100
Itabirinha_de_Mantena,-18.5658,-41.2328
Faxinal_dos_Guedes,-26.8833,-52.2333
Duque_Bacelar,-4.1500,-42.9500
Mara_Rosa,-14.0172,-49.1764
Ribeirão_Claro,-23.1939,-49.7578
Coité_do_Nóia,-9.6319,-36.5789
Cunha_Porã,-26.9000,-53.1500
Santa_Teresinha,-12.7719,-39.5228
São_Tiago,-20.9128,-44.5089
Bom_Jesus_da_Serra,-14.3833,-40.5167
Cachoeira_Alta,-18.7558,-50.9322
Santa_Maria_de_Itabira,-19.4489,-43.1128
Serra_do_Salitre,-19.1108,-46.6900
Matias_Olímpio,-3.7167,-42.5500
Bom_Repouso,-22.4667,-46.1500
Dona_Inês,-6.6167,-35.6333
Sucupira_do_Norte,-6.4500,-44.2000
Nova_Europa,-21.7783,-48.5608
São_José_do_Calçado,-21.0250,-41.6539
São_Gonçalo_do_Pará,-19.9828,-44.8589
Conceição_dos_Ouros,-22.4167,-45.7833
Jacinto_Machado,-29.0000,-49.7667
Corumbá_de_Goiás,-15.9242,-48.8086
Piraí_do_Norte,-13.7500,-39.3667
Monte_Alegre_do_Piauí,-9.7333,-45.2833
Benedito_Novo,-26.8000,-49.4167
Monsenhor_Gil,-5.5833,-42.6167
Conceição_da_Aparecida,-21.1000,-46.2000
Pedras_de_Maria_da_Cruz,-15.6017,-44.3894
Santa_Terezinha_de_Goiás,-14.4333,-49.6956
São_Carlos,-22.0000,-47.8908
Trajano_de_Morais,-22.0633,-42.0664
Rio_dos_Cedros,-26.7333,-49.2667
Roca_Sales,-29.2833,-51.8667
Alvorada_do_Sul,-22.7833,-51.1833
Petrolina_de_Goiás,-16.0953,-49.3367
Teixeira_Soares,-25.3678,-50.4608
Engenheiro_Caldas,-19.2189,-42.0458
São_Romão,-16.3689,-46.0689
Campo_Redondo,-6.2428,-36.1828
Francisco_Badaró,-16.9947,-42.3494
Fontoura_Xavier,-28.9833,-52.3500
Ronda_Alta,-27.7833,-52.7833
Três_Cachoeiras,-29.4500,-49.9333
Pires_Ferreira,-4.2500,-40.6333
Lagoa_da_Confusão,-10.7939,-49.6239
Governador_Archer,-4.9333,-44.3833
Senhora_dos_Remédios,-21.0278,-43.5828
São_Pedro_do_Ivaí,-23.8650,-51.8558
Cachoeira_dos_Índios,-6.9269,-38.6739
Rio_do_Fogo,-5.2667,-35.3833
Bela_Vista_de_Minas,-19.8300,-43.0908
Cristino_Castro,-8.8167,-44.2167
Pescaria_Brava,-28.3833,-48.8833
Matias_Cardoso,-14.8203,-43.8772
São_Sebastião_do_Maranhão,-18.0839,-42.5708
Coronel_Freitas,-26.9333,-52.7833
Tenente_Ananias,-6.4500,-38.1667
Terra_de_Areia,-29.5833,-50.0667
Guia_Lopes_da_Laguna,-21.4578,-56.1139
Alto_Piquiri,-24.0167,-53.4667
São_Gonçalo_do_Rio_Abaixo,-19.8258,-43.3619
Cardeal_da_Silva,-11.9500,-37.9500
Luís_Gomes,-6.4167,-38.3833
Águia_Branca,-18.9828,-40.7400
Várzea_do_Poço,-11.5289,-40.3200
Montes_Altos,-5.8333,-47.0667
Alfredo_Wagner,-27.7000,-49.3339
Riacho_dos_Machados,-16.0033,-43.0433
Ipiranga_do_Piauí,-6.8167,-41.7500
Dores_de_Campos,-21.1000,-44.0333
Axixá_do_Tocantins,-5.6169,-47.7689
Antônio_Dias,-19.6528,-42.8719
Paula_Cândido,-20.8833,-42.9667
Rosário_do_Catete,-10.6958,-37.0308
Coronel_Murta,-16.6167,-42.1833
Terra_Roxa,-20.7889,-48.3297
Anísio_de_Abreu,-9.1889,-43.0458
Rio_Acima,-20.0878,-43.7889
Buriti_Alegre,-18.1381,-49.0417
Januário_Cicco,-6.1500,-35.5833
Neves_Paulista,-20.8458,-49.6300
Carmo_do_Rio_Verde,-15.3569,-49.7058
Paulo_de_Faria,-20.0303,-49.3944
Santa_Rita_de_Caldas,-22.0289,-46.3369
Frei_Inocêncio,-18.5500,-41.9000
Malhada_de_Pedras,-14.3878,-41.8789
São_Sebastião_do_Alto,-21.9569,-42.1350
Capim_Branco,-19.5489,-44.1169
Nova_Bassano,-28.7239,-51.7050
Lajedo_do_Tabocal,-13.4667,-40.2167
Baía_da_Traição,-6.7000,-34.9333
São_José_da_Bela_Vista,-20.5931,-47.6400
Marilândia_do_Sul,-23.7500,-51.3167
Serra_Caiada,-6.1058,-35.7128
Santa_Lúcia,-21.6850,-48.0842
Santana_do_Manhuaçu,-20.1078,-41.9250
São_Sebastião_da_Amoreira,-23.4667,-50.7500
Baía_Formosa,-6.3689,-35.0078
Riacho_dos_Cavalos,-6.4428,-37.6508
Rio_das_Flores,-22.1678,-43.5858
Queimada_Nova,-8.5789,-41.4189
Tuneiras_do_Oeste,-23.8167,-52.9167
Santa_Isabel_do_Ivaí,-22.9667,-53.2333
Nova_Glória,-15.1506,-49.5731
Vera_Cruz_do_Oeste,-25.0578,-53.8769
São_Vicente_do_Sul,-29.7000,-54.6667
Elísio_Medrado,-12.9458,-39.5219
Bom_Jardim_de_Goiás,-16.2017,-52.1703
Campo_Erê,-26.3833,-53.0500
Serra_dos_Aimorés,-19.0000,-41.0000
Redenção_do_Gurguéia,-9.4869,-44.5858
General_Câmara,-29.9000,-51.7667
São_Pedro_dos_Ferros,-20.1667,-42.5167
Ilha_das_Flores,-10.4358,-36.5369
Marcelino_Vieira,-6.3000,-38.1667
Nova_Itarana,-13.0333,-40.0500
Agudos_do_Sul,-25.9833,-49.3333
Ribeirão_do_Largo,-15.4589,-40.7389
Morada_Nova_de_Minas,-18.6047,-45.3572
Isaías_Coelho,-7.7333,-41.6667
Comendador_Levy_Gasparian,-22.0289,-43.2050
São_José_do_Cerrito,-27.6667,-50.5833
Monsenhor_Paulo,-21.7667,-45.5500
Santa_Cruz_do_Arari,-0.6639,-49.1628
Porto_de_Pedras,-9.1578,-35.2950
Campos_Lindos,-7.9939,-46.8678
Nova_Fátima,-11.6000,-39.5167
Alvorada_do_Norte,-14.4836,-46.4950
Santana_da_Boa_Vista,-30.8667,-53.1167
Passa_Tempo,-20.6508,-44.4958
Cachoeira_Dourada,-18.4956,-49.4678
Águas_da_Prata,-21.9414,-46.7167
Lagoa_Alegre,-4.5139,-42.6236
Vista_Alegre_do_Alto,-21.1706,-48.6292
Pedra_Lavrada,-6.7500,-36.4667
Buriti_dos_Montes,-5.3119,-41.0961
Santa_Barbara_do_Sul,-28.3667,-53.2500
São_João_do_Jaguaribe,-5.2667,-38.2667
Muniz_Ferreira,-13.0000,-39.1167
São_Miguel_dos_Milagres,-9.2658,-35.3728
Mata_Verde,-15.6858,-40.7408
Vertentes_do_Lério,-7.8000,-35.7167
Barão_de_Melgaço,-16.2789,-55.9578
Juarez_Távora,-7.1667,-35.5667
Cristalândia_do_Piauí,-10.6528,-45.1850
Barra_do_Turvo,-24.7564,-48.5047
Tasso_Fragoso,-8.4667,-45.7500
Serra_Negra_do_Norte,-6.6667,-37.4000
Santa_Cruz_do_Monte_Castelo,-22.9500,-53.3167
Brejo_Grande,-11.2619,-37.6200
Monte_Alegre_do_Sul,-22.6819,-46.6808
Monte_Alegre_de_Goiás,-13.2558,-46.9008
Paulo_Jacinto,-9.3658,-36.3700
São_José_da_Lagoa_Tapada,-6.9500,-38.1667
Boqueirão_do_Leão,-29.3000,-52.4333
Leopoldo_de_Bulhões,-16.6247,-48.7439
Pedro_Gomes,-18.1008,-54.5519
Santana_de_Pirapama,-19.0058,-44.0428
São_Pedro_do_Turvo,-22.7469,-49.7397
Lagoa_Salgada,-6.1167,-35.4833
Belo_Vale,-20.4078,-44.0239
Claro_dos_Poções,-17.0800,-44.2089
Major_Vieira,-26.3678,-50.3278
Guarani_das_Missões,-28.1333,-54.5667
Lavras_do_Sul,-30.8128,-53.8950
São_João_do_Oriente,-19.3389,-42.1578
Carnaúba_dos_Dantas,-6.5500,-36.5833
Chã_Preta,-9.2550,-36.2958
São_Miguel_das_Missões,-28.5500,-54.5528
Santa_Terezinha,-10.4700,-50.5028
Monsenhor_Hipólito,-6.9833,-41.1167
Itaju_do_Colônia,-15.1428,-39.7239
Paraíso_do_Sul,-29.6667,-53.1833
Santa_Luzia_do_Norte,-9.6028,-35.8219
Nazaré_do_Piauí,-6.9833,-42.6667
Belém_do_Brejo_do_Cruz,-6.1889,-37.5358
Coronel_Bicaco,-27.7167,-53.7167
Praia_Grande,-24.0061,-46.4028
Senador_Firmino,-20.9119,-43.0969
Antonina_do_Norte,-6.7167,-39.9667
Ponte_Alta_do_Tocantins,-10.7667,-47.4000
Abel_Figueiredo,-4.9539,-48.3928
Martins_Soares,-20.2569,-41.8769
Timbó_Grande,-26.6150,-50.6742
Dois_Irmãos_do_Tocantins,-9.2167,-48.9500
Campo_do_Tenente,-25.9833,-49.6833
Engenheiro_Navarro,-17.2800,-43.9500
Santana_dos_Garrotes,-7.3833,-37.9833
Cônego_Marinho,-15.2953,-44.4125
Laguna_Carapã,-22.5458,-55.1500
São_Miguel_de_Taipu,-7.2500,-35.2167
Santana_da_Vargem,-21.2369,-45.5089
Santa_Filomena_do_Maranhão,-5.5008,-44.5608
Junco_do_Seridó,-7.0000,-36.7167
Serra_Redonda,-7.1778,-35.6750
Nova_Ibiá,-13.8000,-39.5833
Barão_do_Triunfo,-30.3833,-51.7333
São_Vicente_de_Minas,-21.7128,-44.4439
São_José_de_Ubá,-21.3578,-41.9428
São_Tomás_de_Aquino,-20.7839,-47.0978
Assis_Brasil,-10.9408,-69.5669
Ponto_Belo,-18.1239,-40.5408
Abadia_dos_Dourados,-18.4864,-47.4033
Água_Doce,-26.9978,-51.5558
Santo_Antônio_do_Retiro,-15.3392,-42.6214
Campo_Belo_do_Sul,-27.9000,-50.7500
Lajeado_Novo,-6.1889,-47.0350
Paulo_Frontin,-26.0333,-50.8500
Curral_de_Dentro,-15.9372,-41.8547
Antônio_Martins,-6.2000,-37.8833
São_José_do_Ouro,-27.7689,-51.5939
Ferreira_Gomes,0.8578,-51.1800
São_João_Batista_do_Glória,-20.6408,-46.5058
Alto_Paraíso_de_Goiás,-14.1333,-47.5167
Treze_de_Maio,-28.5589,-49.1478
Campo_Florido,-19.7608,-48.5719
Salto_da_Divisa,-16.0028,-39.9469
Senador_Sá,-3.3667,-40.4500
Ribeiro_Gonçalves,-7.5333,-45.2333
Natividade_da_Serra,-23.3756,-45.4419
São_José_da_Barra,-20.7178,-46.3108
Central_de_Minas,-18.7619,-41.3058
Santo_Antônio_do_Pinhal,-22.8272,-45.6625
São_Miguel_do_Anta,-20.7000,-42.7167
Santa_Cruz_da_Vitória,-14.9608,-39.8119
Santo_Antônio_da_Alegria,-21.0869,-47.1511
Monte_do_Carmo,-10.7833,-48.0000
Belo_Monte,-9.8278,-37.2800
Paulo_Lopes,-27.9619,-48.6839
Pedra_Bonita,-20.5208,-42.3300
Angical_do_Piauí,-6.0833,-42.7333
Faxinal_do_Soturno,-29.6167,-53.4333
Padre_Marcos,-7.3500,-40.9000
Pedro_Avelino,-5.5167,-36.3833
Barro_Duro,-5.8178,-42.5128
Santa_Fé_do_Araguaia,-7.1167,-48.5667
São_José_do_Piauí,-6.8667,-41.4667
Boa_Vista_do_Burica,-27.6686,-54.1100
Nova_Aliança,-21.0158,-49.4958
Trombudo_Central,-27.3000,-49.7833
Cândido_Godói,-27.9500,-54.7667
Barão_de_Cotegipe,-27.6167,-52.3833
Luís_Domingues,-1.3000,-45.8667
Morro_do_Chapéu,-11.5500,-41.1558
Novo_Oriente,-5.5339,-40.7739
Doutor_Severiano,-6.0833,-38.3667
Iraí_de_Minas,-18.9839,-47.4608
Vargem_Alegre,-19.6078,-42.2978
Bom_Jardim_de_Minas,-21.9375,-41.0161
Cabeceira_Grande,-16.0328,-47.0708
São_José_do_Jacuri,-18.2667,-42.6667
Barra_do_Rocha,-14.2333,-39.6500
Lagoa_de_São_Francisco,-4.3919,-41.6008
Brejo_dos_Santos,-6.3769,-37.8250
Divinópolis_do_Tocantins,-9.7500,-49.1167
São_Carlos_do_Ivaí,-23.2833,-52.5000
Amaral_Ferrador,-30.8750,-52.2528
Nova_Palma,-29.4719,-53.4689
Treze_Tílias,-27.0019,-51.4058
Mendes_Pimentel,-18.6608,-41.4050
Fazenda_Nova,-16.1867,-50.7747
São_Francisco_do_Piauí,-7.2500,-42.5333
Vidal_Ramos,-27.3833,-49.3667
Rio_Grande_do_Piauí,-7.7750,-43.1419
São_Gonçalo_do_Abaeté,-18.3378,-45.8328
Pontal_do_Araguaia,-15.9339,-52.3169
Rio_Sono,-9.3500,-47.7500
Grão_Pará,-28.1667,-49.2167
General_Sampaio,-4.0333,-39.4833
São_José_da_Boa_Vista,-23.9158,-49.6519
Rio_das_Antas,-26.8986,-51.0744
São_João_da_Serra,-5.5139,-41.8989
São_Francisco_de_Goiás,-15.9356,-49.2631
Águas_de_Chapecó,-27.0833,-52.9833
Campo_Alegre_de_Goiás,-17.6389,-47.7819
Santo_Antônio_do_Jardim,-22.1147,-46.6836
Pedra_Bela,-22.7931,-46.4433
Hulha_Negra,-31.4000,-53.8833
Colônia_do_Gurguéia,-8.1819,-43.7919
Santa_Cruz_do_Piauí,-7.1500,-41.8000
Betânia_do_Piauí,-8.1478,-40.7958
Passo_do_Sobrado,-29.7500,-52.2833
Dona_Eusébia,-21.3000,-42.8000
Santa_Albertina,-20.0319,-50.7278
Anta_Gorda,-28.9700,-52.0050
Américo_de_Campos,-20.3000,-49.7333
Pai_Pedro,-15.5153,-42.9219
São_João_do_Sabugi,-6.7167,-37.2000
Ouro_Verde_de_Minas,-18.0708,-41.2700
Afonso_Cunha,-4.1328,-43.3239
Santa_Maria_da_Serra,-22.5672,-48.1606
Rio_do_Campo,-26.9489,-50.1408
Campina_do_Monte_Alegre,-23.4253,-48.4772
Pouso_Alto,-22.1936,-44.9725
Divisa_Alegre,-15.7292,-41.3472
Frei_Gaspar,-18.0658,-41.4289
José_da_Penha,-6.3167,-38.2833
São_João_do_Caiuá,-22.8000,-52.3667
Padre_Carvalho,-16.3639,-42.5150
Córrego_Fundo,-20.4489,-45.5550
Firmino_Alves,-14.9850,-39.9239
São_Francisco_de_Sales,-19.8569,-49.7739
Divisa_Nova,-21.5167,-46.2000
Fernando_Prestes,-21.2644,-48.6853
Rodeio_Bonito,-27.4667,-53.1667
Serra_de_São_Bento,-6.4167,-35.6333
Felipe_Guerra,-5.6000,-37.6833
Três_Fronteiras,-20.2350,-50.8903
Santa_Clara_do_Sul,-29.4667,-52.0833
Senhora_de_Oliveira,-20.8000,-43.3333
Santa_Ernestina,-21.4628,-48.3908
Morro_Reuter,-29.5333,-51.0833
Soledade_de_Minas,-22.0667,-45.0500
Caldeirão_Grande,-11.0200,-40.3028
Gracho_Cardoso,-10.2269,-37.1978
Senador_Elói_de_Souza,-6.0358,-35.6928
Maria_Helena,-23.5833,-53.1667
Cedro_de_São_João,-10.2519,-36.8839
Fernandes_Pinheiro,-25.4128,-50.5478
Cana_Verde,-21.0167,-45.1833
Barra_do_Chapéu,-24.4731,-49.0244
Cocal_dos_Alves,-3.6167,-41.5333
Águas_Mornas,-27.6939,-48.8239
São_Jorge_do_Ivaí,-23.4000,-52.2833
Santa_Luz,-8.9539,-44.1289
Campinas_do_Sul,-27.7167,-52.6167
Grandes_Rios,-24.1333,-51.5167
Bom_Jesus_do_Amparo,-19.7039,-43.4739
Benedito_Leite,-7.2167,-44.5667
Santa_Rita_do_Itueto,-19.3600,-41.3800
Marabá_Paulista,-22.1081,-51.9625
Paula_Freitas,-26.2000,-50.9500
São_Domingos_das_Dores,-19.5269,-42.0108
Campinas_do_Piauí,-7.6500,-41.8667
Coronel_Ezequiel,-6.3833,-36.1833
Rio_Espera,-20.8550,-43.4739
São_José_do_Goiabal,-19.9289,-42.7050
São_Tomé,0.3361,6.7306
Aliança_do_Tocantins,-11.3058,-48.9358
Bandeira_do_Sul,-21.7833,-46.3833
Minador_do_Negrão,-9.3050,-36.8650
Porto_dos_Gaúchos,-11.4833,-57.3667
Bom_Princípio,-29.4833,-51.3500
Fruta_de_Leite,-16.1175,-42.5236
Patrocínio_do_Muriaé,-21.1500,-42.2000
General_Carneiro,-26.4278,-51.3158
Landri_Sales,-7.2667,-43.9167
Rio_Manso,-20.2650,-44.3078
Santo_Inácio,-22.6978,-51.7939
São_João_da_Ponta,-0.8333,-47.9167
Santana_de_Mangueira,-7.5500,-38.3333
Senador_Amaral,-22.5833,-46.1833
Jacaré_dos_Homens,-9.6358,-37.2050
Porto_do_Mangue,-5.0667,-36.7833
Santa_Maria_do_Salto,-16.2489,-40.1489
Manoel_Emídio,-8.0128,-43.8719
São_Pedro_do_Suaçuí,-18.3658,-42.6028
Dom_Silvério,-20.1500,-42.9667
Brejinho_de_Nazaré,-11.0000,-48.5658
Conceição_do_Pará,-19.7528,-44.8969
Dores_de_Guanhães,-19.0500,-42.9500
Liberato_Salzano,-27.5833,-53.0667
Vila_Propício,-15.4583,-48.8853
Rio_do_Prado,-16.6078,-40.5700
Bento_Fernandes,-5.6833,-35.8167
Serra_do_Navio,0.8958,-52.0019
São_José_da_Varginha,-19.7100,-44.5569
Volta_Grande,-21.7708,-42.5389
Dom_Cavati,-19.3833,-42.1000
Álvaro_de_Carvalho,-22.0797,-49.7197
General_Carneiro,-26.4278,-51.3158
Vargem_Grande_do_Rio_Pardo,-15.2556,-42.2167
Sítio_Novo,-5.8833,-46.7000
Barra_Longa,-20.2833,-43.0500
Couto_de_Magalhães,-8.2839,-49.2469
Cristiano_Otoni,-20.8319,-43.8058
Bocaina_de_Minas,-22.1667,-44.4000
Santana_do_Itararé,-23.7550,-49.6289
São_Sebastião_da_Bela_Vista,-22.1589,-45.7539
Congonhas_do_Norte,-18.8069,-43.6808
Divino_das_Laranjeiras,-18.7667,-41.4833
Coronel_Macedo,-23.6311,-49.3136
Várzea_Branca,-9.2333,-42.9333
Madre_de_Deus_de_Minas,-21.4833,-44.3333
Salto_do_Itararé,-23.5833,-49.6167
Cacique_Doble,-27.7500,-51.6167
Santa_Rita_de_Jacutinga,-22.1489,-44.0950
Francisco_Dumont,-17.3150,-44.2339
Lagoa_do_Sítio,-6.5000,-41.5667
Vermelho_Novo,-20.0167,-42.2833
Catas_Altas,-20.0750,-43.4078
Campos_Novos_Paulista,-22.6031,-50.0025
Pato_Bragado,-24.6167,-54.2167
Erval_Grande,-27.3833,-52.5833
Leme_do_Prado,-17.0811,-42.6939
São_Francisco_do_Glória,-20.8000,-42.2667
Nova_Palmeira,-6.6778,-36.4208
Feliz_Deserto,-10.2919,-36.3058
Coronel_João_Pessoa,-6.2667,-38.4833
Lajes_Pintadas,-6.1500,-36.1167
Monte_Horebe,-7.2000,-38.6000
Juazeiro_do_Piauí,-5.1719,-41.7028
São_Gonçalo_do_Piauí,-5.9933,-42.7028
Santa_Cruz_do_Escalvado,-20.2358,-42.8139
José_Boiteux,-26.9578,-49.6278
Almino_Afonso,-6.1500,-37.7667
Felício_dos_Santos,-18.0769,-43.2469
São_Félix_de_Balsas,-7.1333,-44.8667
Gavião_Peixoto,-21.8389,-48.4950
Júlio_Mesquita,-22.0089,-49.7872
São_José_de_Espinharas,-6.8469,-37.3258
Eliseu_Martins,-8.2167,-43.7000
São_João_da_Lagoa,-16.8547,-44.3481
Canabrava_do_Norte,-11.0539,-51.8308
São_João_da_Varjota,-6.9167,-41.8500
Ponte_Alta,-27.4839,-50.3800
São_João_da_Urtiga,-27.8200,-51.8278
Piedade_dos_Gerais,-20.4708,-44.2269
Capela_Nova,-20.9228,-43.6178
Espírito_Santo_do_Turvo,-22.6919,-49.4300
São_Pedro_da_União,-21.1269,-46.6150
Santana_do_Jacaré,-20.8978,-45.1308
Vicente_Dutra,-27.1333,-53.4000
Santa_Teresinha,-12.7719,-39.5228
Nova_Iorque,-6.7339,-44.0439
Gastão_Vidigal,-20.8000,-50.1667
Ribeirão_Corrente,-20.4569,-47.5903
Fortaleza_dos_Valos,-28.8000,-53.2167
Santa_Rosa_do_Tocantins,-11.5000,-48.0667
Ponte_Alta_do_Bom_Jesus,-12.1500,-46.4000
Serrinha_dos_Pintos,-6.1000,-37.9500
Socorro_do_Piauí,-7.8667,-42.4833
Porto_Amazonas,-25.5500,-49.9000
Quinta_do_Sol,-23.8000,-52.1167
São_Pedro_da_Cipa,-16.0008,-54.9208
José_Gonçalves_de_Minas,-16.9069,-42.6036
Riachão_do_Bacamarte,-7.2500,-35.6833
Conceição_do_Canindé,-7.9000,-41.5667
Piedade_do_Rio_Grande,-21.4667,-44.2000
Doutor_Maurício_Cardoso,-27.5000,-54.3667
Marcos_Parente,-7.2500,-43.7000
Conceição_de_Ipanema,-19.9278,-41.6939
Dom_Joaquim,-18.9500,-43.2667
Bernardo_Sayão,-7.8739,-48.8878
Rio_Fortuna,-28.1000,-49.1167
Pindorama_do_Tocantins,-11.1667,-47.4667
Espírito_Santo_do_Dourado,-22.0500,-45.9667
São_Pedro_dos_Crentes,-6.8258,-46.5319
Santo_Antônio_da_Barra,-17.5583,-50.6239
Rodolfo_Fernandes,-5.8000,-38.0667
Murutinga_do_Sul,-20.9906,-51.2747
Bom_Jardim_da_Serra,-28.3333,-49.6333
Cabrália_Paulista,-22.4556,-49.3375
Campo_Novo,-27.6750,-53.8028
Flores_do_Piauí,-7.8333,-42.9333
Marianópolis_do_Tocantins,-9.7500,-49.5667
Erval_Velho,-27.2833,-51.4333
Santa_Cruz_da_Conceição,-22.1403,-47.4519
Pinhal_Grande,-29.3461,-53.3067
Contendas_do_Sincorá,-13.7500,-41.0333
Divina_Pastora,-10.6889,-37.1478
São_João_do_Cariri,-7.3833,-36.5167
Marcelino_Ramos,-27.4667,-51.9000
Maximiliano_de_Almeida,-27.6333,-51.7833
Joaquim_Felício,-17.7667,-44.1500
Brás_Pires,-20.8500,-43.2500
São_Sebastião_do_Tocantins,-5.2569,-48.2000
Domingos_Mourão,-4.2539,-41.2700
Rosário_da_Limeira,-20.9833,-42.5167
Riacho_Frio,-10.1250,-44.9528
São_José_do_Seridó,-6.4500,-36.8833
Dores_do_Turvo,-20.9667,-43.1833
Serra_Azul_de_Minas,-18.3619,-43.1700
Aparecida_do_Rio_Negro,-9.9519,-47.9719
Onda_Verde,-20.6000,-49.2953
Couto_de_Magalhães,-8.2839,-49.2469
São_José_do_Barreiro,-22.6447,-44.5778
Presidente_Alves,-22.1000,-49.4381
Dom_Macedo_Costa,-12.9000,-39.1500
São_José_do_Sabugi,-6.7758,-36.7989
Santa_Cruz_de_Salinas,-16.0983,-41.7361
Senador_Modestino_Gonçalves,-17.9469,-43.2250
Alfredo_Marcondes,-21.9553,-51.4133
Fortaleza_de_Minas,-20.8489,-46.7178
Planaltina_do_Paraná,-23.0167,-52.9667
São_José_do_Hortêncio,-29.5333,-51.2667
Conceição_do_Tocantins,-12.2189,-47.2978
Lagoa_dos_Patos,-31.1000,-51.2500
São_José_da_Safira,-18.3333,-42.1667
São_João_do_Pacuí,-16.5344,-44.5306
Paes_Landim,-7.8000,-42.2667
Lafaiete_Coutinho,-13.6558,-40.2128
Barra_do_Quaraí,-30.2069,-57.5550
Nova_Araçá,-28.6667,-51.7500
São_José_do_Alegre,-22.3289,-45.5258
Santa_Tereza_de_Goiás,-13.7153,-49.0111
Santana_do_Deserto,-21.9500,-43.1658
Gramado_Xavier,-29.2500,-52.4833
Novo_Planalto,-13.2478,-49.3925
Pedras_Grandes,-28.4500,-49.1833
Redenção_da_Serra,-23.2669,-45.5367
Senador_Georgino_Avelino,-6.1628,-35.1228
São_Geraldo_da_Piedade,-18.8358,-42.2878
São_Bento_do_Trairi,-6.3333,-36.0833
Bom_Jesus_da_Penha,-21.0169,-46.5228
Santo_Antônio_do_Grama,-20.3139,-42.6089
Inúbia_Paulista,-21.7697,-50.9619
Pedra_do_Indaiá,-20.2578,-45.2089
Álvares_Florence,-20.3206,-49.9094
Guarani_de_Goiás,-13.9397,-46.4772
Nossa_Senhora_das_Graças,-22.8500,-51.7667
Bom_Sucesso_de_Itararé,-24.3178,-49.1439
Ribeirão_Vermelho,-21.1908,-45.0619
Quatro_Pontes,-24.5833,-53.9667
Santo_Antônio_do_Itambé,-18.4658,-43.3069
Santa_Cruz_dos_Milagres,-5.8000,-41.9667
Bias_Fortes,-21.6000,-43.7667
Diogo_de_Vasconcelos,-20.4878,-43.1978
Rio_Crespo,-9.7050,-62.8997
Poço_Dantas,-6.4028,-38.4950
Paim_Filho,-27.6833,-51.7833
Nova_Rosalândia,-10.5667,-48.8333
Mariana_Pimentel,-30.3333,-51.5833
Bom_Jesus_do_Tocantins,-8.9650,-48.1658
Santana_dos_Montes,-20.7878,-43.6919
Campo_Bonito,-25.0308,-52.9928
Novo_Acordo,-3.5667,-52.2667
Cariri_do_Tocantins,-11.8908,-49.1608
São_José_dos_Cordeiros,-7.3833,-36.8000
Ouro_Verde_de_Goiás,-16.2194,-49.1950
Cacimba_de_Areia,-7.1167,-37.1667
São_José_do_Peixe,-7.4939,-42.5639
São_Miguel_do_Aleixo,-10.3878,-37.3808
Córrego_do_Bom_Jesus,-22.6333,-46.0333
Munhoz_de_Melo,-23.1333,-51.7667
Quinze_de_Novembro,-28.7419,-53.0950
Santo_Inácio_do_Piauí,-7.4300,-41.9108
Cruzeiro_da_Fortaleza,-18.9461,-46.6739
Conselheiro_Mairinck,-23.6167,-50.1333
Santana_de_Cataguases,-21.2833,-42.5500
Duas_Estradas,-6.6833,-35.4167
Doutor_Pedrinho,-26.7167,-49.4833
Santa_Inês,-3.6689,-45.3839
Nova_Independência,-21.1039,-51.4900
Mar_Vermelho,-9.4478,-36.3878
Nova_Módica,-18.4333,-41.5000
Major_Sales,-6.4000,-38.3167
Lagoa_do_Tocantins,-10.3833,-47.4167
Novo_Brasil,-16.0378,-50.7058
São_Brás_do_Suaçuí,-20.6250,-43.9489
Pareci_Novo,-29.6500,-51.4000
Arroio_Trinta,-26.8667,-51.3167
São_José_do_Bonfim,-7.1628,-37.3089
São_Geraldo_do_Baixio,-18.9000,-41.3600
Salgado_Filho,-26.1700,-53.3608
Catas_Altas_da_Noruega,-20.6900,-43.4978
Braço_do_Trombudo,-27.3500,-49.9000
Malhada_dos_Bois,-10.3489,-36.9239
Aurora_do_Tocantins,-12.7128,-46.4078
São_Sebastião_do_Umbuzeiro,-8.1519,-37.0100
São_João_do_Itaperiú,-26.6178,-48.7681
Nova_América_da_Colina,-23.3333,-50.7000
Belmiro_Braga,-21.9500,-43.4167
São_Fernando,-6.3758,-37.1839
Barão_de_Antonina,-23.6269,-49.5614
Sebastianópolis_do_Sul,-20.6550,-49.9208
Caiçara_do_Rio_do_Vento,-5.7667,-36.0000
Ponte_Alta_do_Norte,-27.1583,-50.4644
Quartel_Geral,-19.2739,-45.5569
Coronel_Xavier_Chaves,-21.0239,-44.2228
Campos_Borges,-28.8833,-53.0000
Santa_Cecília_do_Pavão,-23.5333,-50.7500
São_José_dos_Ausentes,-28.7500,-50.0639
Bocaina_do_Sul,-27.7500,-49.9500
Major_Gercino,-27.4181,-48.9514
Dois_Lajeados,-28.9833,-51.8500
Chapada_da_Natividade,-11.6169,-47.7508
Jundiaí_do_Sul,-23.4500,-50.2833
Santa_Amélia,-23.2658,-50.4239
São_Valentim,-27.5578,-52.5239
Barreiras_do_Piauí,-9.9250,-45.4750
Faria_Lemos,-20.8000,-42.0167
Vila_Flores,-28.9000,-51.5667
Leandro_Ferreira,-19.7178,-45.0250
Córrego_Danta,-19.8000,-45.9000
Nova_Bréscia,-29.2000,-52.0333
Santa_Bárbara_do_Monte_Verde,-21.9589,-43.7019
Rio_Bom,-23.7667,-51.4167
Santa_Rita_do_Novo_Destino,-15.1356,-49.1181
Riacho_da_Cruz,-5.9358,-37.9458
Maurilândia_do_Tocantins,-5.8833,-47.3500
Nacip_Raydan,-18.4589,-42.2489
Serra_da_Raiz,-6.6833,-35.4333
Morro_do_Pilar,-19.2000,-43.3833
Santa_Cruz_de_Goiás,-17.3153,-48.4817
Bandeirantes_do_Tocantins,-7.7558,-48.5839
Prata_do_Piauí,-5.6667,-42.2000
São_Félix_do_Piauí,-5.9333,-42.1167
Santo_Hipólito,-18.2969,-44.2228
Fernandes_Tourinho,-19.1539,-42.0819
Ouro_Velho,-7.6200,-37.1519
Santo_Expedito,-21.8506,-51.3922
Pedra_do_Anta,-20.6000,-42.7167
Leoberto_Leal,-27.5069,-49.2869
Dona_Francisca,-29.6167,-53.3500
Dom_Viçoso,-22.2539,-45.1608
Muitos_Capões,-28.3167,-51.1833
Vera_Mendes,-7.6000,-41.4667
Frei_Martinho,-6.4000,-36.4500
Coronel_Pacheco,-21.5833,-43.2667
Água_Nova,-6.2089,-38.2969
Pedra_Mole,-10.6169,-37.6869
Comendador_Gomes,-19.6833,-49.0667
Presidente_Kubitschek,-18.6139,-43.5619
Santa_Mercedes,-21.3508,-51.7553
São_Domingos_do_Sul,-28.5333,-51.9000
Santa_Maria_do_Tocantins,-8.7969,-47.7950
Sede_Nova,-27.6333,-53.9667
Bento_de_Abreu,-21.2706,-50.8119
Porto_Estrela,-15.3239,-57.2278
Vila_Flor,41.3092,-7.1539
Pinto_Bandeira,-29.0978,-51.4503
Cascalho_Rico,-18.5758,-47.8769
São_Gonçalo_do_Gurguéia,-10.0300,-45.3028
Três_Ranchos,-18.3583,-47.7767
São_Bonifácio,-27.9000,-48.9333
Francisco_Dantas,-6.0667,-38.1667
São_José_do_Mantimento,-20.0000,-41.7333
Porto_Alegre_do_Tocantins,-11.6833,-46.9833
Gabriel_Monteiro,-21.5311,-50.5547
Cândido_Rodrigues,-21.3253,-48.6308
Pilar_de_Goiás,-14.7672,-49.5814
Salgado_Filho,-26.1700,-53.3608
Brejo_Alegre,-21.1667,-50.1856
Rancho_Queimado,-27.6725,-49.0217
São_João_da_Mata,-21.9300,-45.9289
Córrego_Novo,-19.8319,-42.3958
Barra_do_Jacaré,-23.1167,-50.1833
Celso_Ramos,-27.6167,-51.4000
São_Bento_do_Norte,-5.0667,-36.0500
Águas_de_São_Pedro,-22.6000,-47.8750
Itaúna_do_Sul,-22.6667,-52.8167
Rio_dos_Índios,-27.3167,-52.8833
Três_Arroios,-27.4833,-52.1833
Santo_Antônio_do_Caiuá,-22.7350,-52.3419
Cássia_dos_Coqueiros,-21.2828,-47.1697
Saldanha_Marinho,-28.4000,-53.1000
Simão_Pereira,-21.9667,-43.3167
Oscar_Bressane,-22.3183,-50.2814
Jardim_de_Angicos,-5.6500,-35.9833
João_Dias,-6.2739,-37.7958
Pontes_Gestal,-20.1667,-49.7033
São_Domingos_do_Cariri,-7.6358,-36.4328
Abdon_Batista,-27.6106,-51.0228
Santo_André,-23.6572,-46.5333
Olímpio_Noronha,-22.0667,-45.2667
Monte_Belo,-21.3258,-46.3678
Santa_Tereza_do_Tocantins,-10.2833,-47.6833
Cachoeira_Dourada,-18.4956,-49.4678
Capão_Alto,-27.9369,-50.5119
Matos_Costa,-26.4500,-51.1500
Rio_Doce,-19.6558,-39.8147
Coronel_Barros,-28.3828,-54.0658
Coronel_Martins,-26.5000,-52.6500
Novo_Jardim,-11.8667,-46.5667
Nova_Pádua,-29.0333,-51.3167
Pedra_Preta,-16.6228,-54.4739
Morro_da_Garça,-18.5469,-44.6028
Rio_Rufino,-27.8667,-49.7833
Aparecida_do_Rio_Doce,-18.2947,-51.1383
Itaporã_do_Tocantins,-8.5333,-48.5667
Silveira_Martins,-29.6500,-53.5833
Morro_Agudo_de_Goiás,-15.3203,-50.0533
Eugênio_de_Castro,-28.3583,-54.1489
Ponte_Branca,-16.4500,-52.6667
Timbaúba_dos_Batistas,-6.4500,-37.2833
Nova_Guataporanga,-21.3333,-51.6333
Novo_Alegre,-12.9308,-46.5739
Mirim_Doce,-27.1958,-50.0797
Itambé_do_Mato_Dentro,-19.4000,-43.3167
Presidente_Nereu,-27.2769,-49.3900
Amparo_de_São_Francisco,-10.1339,-36.9300
Nova_América,-15.0236,-49.8919
Ribeirão_dos_Índios,-21.9758,-51.6514
Casa_Grande,32.8858,-111.7439
Santana_do_Garambéu,-21.6008,-44.1039
Pedra_Dourada,-20.8167,-42.1667
São_Valentim,-27.5578,-52.5239
Vargem_Bonita,-20.1739,-45.7108
Santa_Rita_do_Tocantins,-10.8608,-48.9139
Oliveira_Fortes,-21.3333,-43.4500
São_Sebastião_do_Rio_Verde,-22.2178,-44.9758
Severiano_Melo,-5.7667,-37.9500
Brasilândia_do_Tocantins,-8.3878,-48.4808
São_José_do_Inhacorá,-27.7250,-54.1289
Poço_das_Antas,-29.4500,-51.6667
Água_Comprida,-20.0558,-48.1089
São_Patrício,-15.3483,-49.8139
Frei_Rogério,-27.1750,-50.8050
Pedras_Altas,-31.7328,-53.5839
Taipas_do_Tocantins,-12.2500,-46.8833
São_Vendelino,-29.3833,-51.3000
Protásio_Alves,-28.7667,-51.4833
Alto_Bela_Vista,-27.4333,-51.8667
Riacho_de_Santo_Antônio,-7.6833,-36.1500
Pinhal_da_Serra,-25.8739,-51.1700
São_João_de_Iracema,-20.5133,-50.3522
Água_Limpa,-18.0747,-48.7611
Vitória_Brasil,-20.1967,-50.4844
Vespasiano_Corrêa,-29.0667,-51.8667
Quatro_Irmãos,-27.8208,-52.4389
Rio_da_Conceição,-11.4667,-46.7833
Antônio_Prado,-28.8578,-51.2828
Barra_do_Rio_Azul,-27.3833,-52.4333
Capão_Bonito,-24.0058,-48.3494
Flora_Rica,-21.6758,-51.3842
Santa_Cecília,-26.9608,-50.4269
Coronel_Pilar,-29.2728,-51.6869
Pouso_Novo,-29.1667,-52.2000
Santa_Inês,-3.6689,-45.3839
Santana_da_Ponte_Pensa,-20.2531,-50.7972
Crixás_do_Tocantins,-11.1000,-48.9189
São_Sebastião_do_Rio_Preto,-19.2919,-43.1739
Senador_José_Bento,-22.1667,-46.1667
São_Félix_do_Tocantins,-10.1833,-46.5500
Nova_Aliança_do_Ivaí,-23.1167,-52.6500
Lajeado_Grande,-26.8581,-52.5672
Cachoeira_de_Goiás,-16.6775,-50.6464
Miguel_Leão,-5.6833,-42.7333
André_da_Rocha,-28.6308,-51.5708
Cedro_do_Abaeté,-19.1483,-45.7114
Água_Limpa,-18.0747,-48.7611
Sao_Francisco,-20.2303,-46.4431
Rio_Casca,-20.2258,-42.6508
Mangue_Seco,-11.6778,-37.5083
Boa_Hora,-4.4108,-42.0858
Santo_Inácio,-22.6978,-51.7939
Campo_Grande,-20.4839,-54.6150
Alto_da_Boa_Vista,-22.9589,-43.2531
São_Paulo,-23.5500,-46.6333
Santo_André,-23.6572,-46.5333
Lagoa_dos_Patos,-31.1000,-51.2500
Lagoa_dos_Patos,-31.1000,-51.2500
Duas_Barras,-22.0508,-42.5219
Milho_Branco,15.0258,-23.5208
Nova_América,-15.0236,-49.8919
Engenho_Velho,-27.7078,-52.9128
Mata_Grande,-9.1178,-37.7339
Ouro_Fino,-22.2828,-46.3689
São_Bento_do_Tocantins,-5.8667,-47.8333
Fazenda_Nova,-16.1867,-50.7747
Coração_de_Maria,-12.2328,-38.7500
Três_Palmeiras,-3.5833,-51.8000
Ribeirão_Grande,-24.0992,-48.3653
Ribeirão_Grande,-24.0992,-48.3653
Mato_Grosso,-15.5667,-56.0750
Bela_Vista,-23.5603,-46.6486
Bela_Vista,-23.5603,-46.6486
Brejo_Grande,-11.2619,-37.6200
São_Benedito,-4.0489,-40.8650
São_Benedito,-4.0489,-40.8650
Gado_Bravo,-7.5828,-35.7908
São_Marcos,-28.9708,-51.0678
Rio_Doce,-19.6558,-39.8147
Capão_Bonito,-24.0058,-48.3494
Morro_Grande,-28.8006,-49.7208
Queimada_Nova,-8.5789,-41.4189
Parada_de_Lucas,-22.8153,-43.3019
Santa_Terezinha,-10.4700,-50.5028
Morro_Grande,-28.8006,-49.7208
Santana_do_Araguaia,-9.5050,-50.6250
Buenos_Aires,-34.6033,-58.3817
Pão_de_Açucar,-22.9486,-43.1572
Honório_Gurgel,-22.8458,-43.3572
São_Felipe,-12.8469,-39.0889
Ponte_Nova,-20.4158,-42.9089
Morro_Alto,39.4667,-31.2167
Vigário_Geral,-22.8075,-43.3103
Espírito_Santo,-20.2667,-40.2833
Espírito_Santo,-20.2667,-40.2833
Espírito_Santo,-20.2667,-40.2833
São_João_da_Lagoa,-16.8547,-44.3481
Borda_da_Mata,-22.2739,-46.1650
Nova_Iorque,-6.7339,-44.0439
Pau_Brasil,-15.4639,-39.6508
Costa_Rica,10.0000,-84.0000
Serra_Redonda,-7.1778,-35.6750
Barra_de_Santana,-7.5167,-36.0000
Pai_Pedro,-15.5153,-42.9219
São_Fernando,-6.3758,-37.1839
Pé_de_Serra,-11.8339,-39.6128
Monte_Verde,-41.5047,-73.2044
Pé_de_Serra,-11.8339,-39.6128
São_Carlos,-22.0000,-47.8908
Fazenda_Nova,-16.1867,-50.7747
São_Paulo,-23.5500,-46.6333
Sao_Paulo,-23.5500,-46.6333
São_Paulo,-23.5500,-46.6333
Pé_de_Serra,-11.8339,-39.6128
Luiz_Alves,-26.7333,-48.9500
Santa_Rita_do_Araguaia,-17.3144,-53.1992
Santa_Gertrudes,-22.4567,-47.5303
Dom_Viçoso,-22.2539,-45.1608
Riacho_Fundo,-15.8833,-48.0175
Foz_do_Jordão,-9.3833,-71.9333
Santa_Mônica,-23.1078,-53.1089
São_Roberto,-5.0208,-44.9908
São_Manuel,-22.7308,-48.5708
Barra_Grande,-3.2747,-39.2003
Barra_Grande,-3.2747,-39.2003
Campo_Redondo,-6.2428,-36.1828
Ponte_Alta,-27.4839,-50.3800
Taboleiro_Grande,-5.9300,-38.0450
Morro_Grande,-28.8006,-49.7208
Campo_Grande,-20.4839,-54.6150
Belo_Jardim,-8.3358,-36.4239
Belo_Monte,-9.8278,-37.2800
Monte_Belo,-21.3258,-46.3678
Campo_do_Meio,-21.1069,-45.8300
São_Victor,41.5550,-8.4100
Casa_Nova,-9.1619,-40.9708
Ponta_Grossa,-25.4167,-49.2500
Morada_Nova,-5.1069,-38.3728
Santo_Antônio_da_Barra,-17.5583,-50.6239
Santo_Antônio_da_Barra,-17.5583,-50.6239
São_José_do_Barreiro,-22.6447,-44.5778
Pôrto_Velho,-8.7619,-63.9039
Dois_Riachos,-9.3928,-37.1008
Vila_Rica,-20.3853,-43.5036
Duas_Barras,-22.0508,-42.5219
Sete_Quedas,-23.9700,-55.0358
Vila_Valqueire,-22.8897,-43.3669
Porto_Velho,-8.7619,-63.9039
Sítio_Novo,-5.8833,-46.7000
Sítio_Novo,-5.8833,-46.7000
Sítio_Novo,-5.8833,-46.7000
Terra_Roxa,-20.7889,-48.3297
Gado_Bravo,-7.5828,-35.7908
Porto_Real,-22.4200,-44.2900
São_Tomé,0.3361,6.7306
São_Tomé,0.3361,6.7306
Pau_dos_Ferros,-6.1108,-38.2089
Ponte_Branca,-16.4500,-52.6667
São_Benedito,-4.0489,-40.8650
São_Benedito,-4.0489,-40.8650
São_Benedito,-4.0489,-40.8650
Água_Limpa,-18.0747,-48.7611
Capão_Bonito,-24.0058,-48.3494
Vila_Rica,-20.3853,-43.5036
Rio_Grande,37.7975,-107.5431
Alto_Rio_Novo,-19.0558,-41.0169
Porto_Novo,6.4972,2.6050
Barra_Grande,-3.2747,-39.2003
Lagoa_Azul,0.4064,6.6103
Bom_Lugar,-4.2200,-45.0389
Tira_Chapéu,14.9153,-23.5214
São_Felipe,-12.8469,-39.0889
São_Lázaro,22.1986,113.5486
Santo_Antônio_do_Pinhal,-22.8272,-45.6625
Três_Lagoas,-20.7511,-51.6783
Monte_Belo,-21.3258,-46.3678
Tomás_Coelho,-22.8667,-43.3061
Mato_Grosso,-15.5667,-56.0750
Ponte_Nova,-20.4158,-42.9089
Ponte_Nova,-20.4158,-42.9089
Mato_Queimado,-28.2558,-54.6158
Belo_Horizonte,-19.9167,-43.9333
São_Jerônimo,-29.9589,-51.7219
Espirito_Santo,-20.2667,-40.2833
Espírito_Santo,-20.2667,-40.2833
Espírito_Santo,-20.2667,-40.2833
Espirito_Santo,-20.2667,-40.2833
Espírito_Santo,-20.2667,-40.2833
Espírito_Santo,-20.2667,-40.2833
Santa_Inês,-3.6689,-45.3839
Novo_Brasil,-16.0378,-50.7058
São_Marcos,-28.9708,-51.0678
Rio_da_Várzea,-27.2133,-53.3258
Água_Fria,-11.8669,-38.7669
Água_Fria,-11.8669,-38.7669
Água_Fria,-11.8669,-38.7669
Morada_Nova,-5.1069,-38.3728
Duas_Barras,-22.0508,-42.5219
Cachoeira_Grande,-2.9269,-44.0578
São_Joaquim,-28.2939,-49.9319
Campo_Novo,-27.6750,-53.8028
Baixa_Grande,-11.9600,-40.1678
Espírito_Santo,-20.2667,-40.2833
Bom_Conselho,-9.1700,-36.6800
Senador_Camará,-22.9044,-43.4917
Água_Comprida,-20.0558,-48.1089
Luís_Antônio,-21.5550,-47.7044
Água_Doce,-26.9978,-51.5558
Capela_Nova,-20.9228,-43.6178
Bela_Vista,-23.5603,-46.6486
Quinta_do_Sol,-23.8000,-52.1167
Clevelândia_do_Norte,3.8142,-51.8656
Dois_Irmãos,-29.5800,-51.0850
Queimada_Nova,-8.5789,-41.4189
Rio_da_Várzea,-27.2133,-53.3258
Dois_Irmãos,-29.5800,-51.0850
Pedra_Bonita,-20.5208,-42.3300
Cachoeira_Grande,-2.9269,-44.0578
Rio_Negrinho,-26.2500,-49.5167
Del_Castilho,-22.8797,-43.2725
Lagoa_de_Dentro,-6.6728,-35.3789
Poço_Redondo,-9.8058,-37.6850
Barra_do_Rocha,-14.2333,-39.6500
Pouso_Alegre,-22.2281,-45.9336
Baixa_Verde,-5.4439,-35.8211
Três_Pontas,-21.3703,-45.5122
Água_Fria,-11.8669,-38.7669
Lajeado_Grande,-26.8581,-52.5672
Borda_da_Mata,-22.2739,-46.1650
São_Valentim,-27.5578,-52.5239
Boa_Nova,-14.3628,-40.2078
Duas_Barras,-22.0508,-42.5219
Costa_Rica,10.0000,-84.0000
Duas_Barras,-22.0508,-42.5219
Água_Rasa,-20.4000,-45.2000
Novo_Oriente,-5.5339,-40.7739
Pedras_Altas,-31.7328,-53.5839
São_Benedito,-4.0489,-40.8650
São_João_do_Paraíso,-15.3133,-42.0150
Vila_Belmiro,-23.9511,-46.3389
Santa_Teresinha,-12.7719,-39.5228
Pedra_Preta,-16.6228,-54.4739
Pastos_Bons,-6.6019,-44.0769
Lagoa_Formosa,-18.7789,-46.4078
Dois_Irmãos,-29.5800,-51.0850
Luís_Antônio,-21.5550,-47.7044
São_Cristóvão,-11.0150,-37.2058
Barra_Mansa,-22.5439,-44.1708
Ribeirão_Vermelho,-21.1908,-45.0619
Morro_Redondo,-31.5883,-52.6319
Belo_Horizonte,-19.9167,-43.9333
Belo_Jardim,-8.3358,-36.4239
Honório_Bicalho,-20.0222,-43.8244
Paraíso_do_Norte,-23.2167,-52.6333
Ouro_Preto,-20.3853,-43.5036
Minas_Gerais,-19.8167,-43.9500
Las_Palmas,28.1500,-15.4167
Parque_Anchieta,-22.8361,-43.4150
Vila_Cosmos,-22.8536,-43.3036
Céu_Azul,-25.1469,-53.8489
Santa_Maria_de_Belém,38.6989,-9.2089
Barra_Velha,-26.6156,-48.6847
Barra_Grande,-3.2747,-39.2003
Vargem_Grande,-3.5431,-43.9158
Vargem_Grande,-3.5431,-43.9158
Ribeirão_Bonito,-22.0667,-48.1761
Rio_Vermelho,-18.2939,-43.0089
Praia_Grande,-24.0061,-46.4028
Praia_Grande,-24.0061,-46.4028
São_Tomé,0.3361,6.7306
Bela_Vista,-23.5603,-46.6486
Bela_Vista,-23.5603,-46.6486
Rio_Grande,37.7975,-107.5431
Santa_Terezinha,-10.4700,-50.5028
Carrasco_Bonito,-5.3219,-48.0350
Água_Limpa,-18.0747,-48.7611
Água_Limpa,-18.0747,-48.7611
Água_Limpa,-18.0747,-48.7611
Bom_Princípio,-29.4833,-51.3500
Bom_Princípio,-29.4833,-51.3500
São_Joaquim,-28.2939,-49.9319
São_Joaquim,-28.2939,-49.9319
Nossa_Senhora_das_Graças,-22.8500,-51.7667
Antônio_Gonçalves,-10.5728,-40.2739
Rio_Grande,37.7975,-107.5431
Buenos_Aires,-34.6033,-58.3817
Baía_Formosa,-6.3689,-35.0078
Campo_Verde,-15.5667,-55.1689
Pau_Grande,-22.5844,-43.1697
Dois_Irmãos,-29.5800,-51.0850
Baixa_Grande,-11.9600,-40.1678
Lagoa_de_Dentro,-6.6728,-35.3789
Ilha_Grande,-23.1500,-44.2333
Poço_Redondo,-9.8058,-37.6850
Poco_Redondo,-9.8058,-37.6850
Água_Grande,0.3333,6.7333
Pão_de_Açúcar,-22.9486,-43.1572
Santa_Amélia,-23.2658,-50.4239
Monte_Pascoal,-16.8958,-39.4078
Porto_Feliz,-23.2147,-47.5239
Ilha_Grande,-23.1500,-44.2333
São_José_da_Bela_Vista,-20.5931,-47.6400
Alto_Santo,-5.5208,-38.2719
Água_Fria,-11.8669,-38.7669
Brás_de_Pina,-22.8292,-43.2989
São_João_do_Paraíso,-15.3133,-42.0150
São_Gregório,39.3950,-9.1189
Jardim_da_Serra,32.6922,-16.9917
Várzea_Alegre,-6.7889,-39.2958
Arroio_Grande,-32.2378,-53.0869
Ribeirão_Bonito,-22.0667,-48.1761
São_Felipe,-12.8469,-39.0889
Rio_Doce,-19.6558,-39.8147
Ribeirão_Grande,-24.0992,-48.3653
Três_Passos,-27.4558,-53.9319
Campo_Pequeno,38.7425,-9.1453
Lagoa_Seca,-7.1708,-35.8539
Vargem_Alegre,-19.6078,-42.2978
Cachoeira_Grande,-2.9269,-44.0578
São_Manuel,-22.7308,-48.5708
São_Tomé,0.3361,6.7306
São_Manuel,-22.7308,-48.5708
São_Manuel,-22.7308,-48.5708
São_Felipe,-12.8469,-39.0889
Rio_Grande,37.7975,-107.5431
Campo_do_Meio,-21.1069,-45.8300
Casa_Nova,-9.1619,-40.9708
Casa_Nova,-9.1619,-40.9708
Casa_Nova,-9.1619,-40.9708
São_Valentim,-27.5578,-52.5239
Morro_Alto,39.4667,-31.2167
Campo_Verde,-15.5667,-55.1689
Campo_Verde,-15.5667,-55.1689
Quinta_da_Boa_Vista,-22.9058,-43.2244
Estados_Unidos,38.8833,-77.0167
Casa_Nova,-9.1619,-40.9708
Poço_Verde,-10.7106,-38.1828
Assis_Brasil,-10.9408,-69.5669
São_Sebastião_do_Tocantins,-5.2569,-48.2000
Vitorino_Freire,-4.0667,-45.1667
Pouso_Alegre,-22.2281,-45.9336
Pouso_Alegre,-22.2281,-45.9336
Santa_Inês,-3.6689,-45.3839
Mata_Grande,-9.1178,-37.7339
Engenho_de_Dentro,-22.9019,-43.2956
São_Paulo,-23.5500,-46.6333
Borda_da_Mata,-22.2739,-46.1650
Boa_Nova,-14.3628,-40.2078
Inácio_Martins,-25.5708,-51.0789
Praia_Norte,-5.3667,-47.6167
Mato_Verde,-15.3981,-42.8567
Mato_Verde,-15.3981,-42.8567
Sítio_Novo,-5.8833,-46.7000
Águas_Belas,-9.1000,-35.1000
Santo_Antônio_dos_Milagres,-6.0469,-42.7100
Cachoeira_de_Minas,-22.3550,-45.7789
Vargem_Alegre,-19.6078,-42.2978
Penha_Circular,-22.8322,-43.2875
Santo_Cristo,-27.8239,-54.6628
Morro_Grande,-28.8006,-49.7208
Ponta_Negra,-5.8811,-35.1711
Osvaldo_Cruz,-21.7967,-50.8786
Rio_das_Antas,-26.8986,-51.0744
Bom_Lugar,-4.2200,-45.0389
Casa_Grande,32.8858,-111.7439
Rio_das_Flores,-22.1678,-43.5858
Porto_Novo,6.4972,2.6050
Capão_Alto,-27.9369,-50.5119
Baixa_Grande,-11.9600,-40.1678
Brejo_Grande,-11.2619,-37.6200
Jardim_América,-22.8106,-43.3233
Belo_Horizonte,-19.9167,-43.9333
Ouro_Prêto,-20.3853,-43.5036
Poço_Verde,-10.7106,-38.1828
Pouso_Alegre,-22.2281,-45.9336
Monte_Branco,15.2167,-23.1667
Major_Porto,-18.7000,-46.0500
Pôrto_Alegre,-30.0331,-51.2300
São_Jerônimo,-29.9589,-51.7219
Lago_da_Pedra,-4.9536,-45.2228
Serra_Dourada,-12.7608,-43.9500
Córrego_Fundo,-20.4489,-45.5550
Água_Clara,-20.4478,-52.8778
Queimada_Grande,-24.4861,-46.6750
Fortaleza_do_Tabocão,-9.0167,-48.4333
Fazenda_Nova,-16.1867,-50.7747
São_Fernando,-6.3758,-37.1839
Riacho_Fundo,-15.8833,-48.0175
Riacho_Fundo,-15.8833,-48.0175
Bela_Vista,-23.5603,-46.6486
Bela_Vista,-23.5603,-46.6486
Bela_Vista,-23.5603,-46.6486
Capão_Redondo,-23.6686,-46.7700
Santa_Teresinha,-12.7719,-39.5228
Serra_Negra,-22.6119,-46.7008
Água_Limpa,-18.0747,-48.7611
Santa_Marta,11.2419,-74.2053
Três_Corações,-21.6947,-45.2553
Curral_Grande,14.9589,-24.4569
Espírito_Santo,-20.2667,-40.2833
Lagoa_de_Dentro,-6.6728,-35.3789
Lagoa_de_Dentro,-6.6728,-35.3789
Riacho_da_Cruz,-5.9358,-37.9458
Serra_Azul,-21.3108,-47.5656
Vila_Olímpia,-23.5928,-46.6917
Belo_Horizonte,-19.9167,-43.9333
Rio_Bananal,-19.2650,-40.3328
Vazante_Grande,-19.3500,-56.8833
Morada_Nova,-5.1069,-38.3728
Poço_Branco,-5.6228,-35.6628
Vargem_Grande,-3.5431,-43.9158
Vila_Isabel,-22.9156,-43.2486
Cosme_Velho,-22.9428,-43.2000
Mata_Grande,-9.1178,-37.7339
São_Bentinho,-17.4667,-41.8833
Terra_Santa,-2.1039,-56.4869
Sítio_Novo,-5.8833,-46.7000
Ribeirão_Bonito,-22.0667,-48.1761
Nova_Canaã,-14.7939,-40.1419
Novo_Oriente,-5.5339,-40.7739
Serra_Azul,-21.3108,-47.5656
Tanque_Novo,-13.5458,-42.4908
Nova_Granada,-20.5339,-49.3142
São_José_dos_Campos,-23.1789,-45.8869
Ponte_Alta,-27.4839,-50.3800
Ponte_Alta,-27.4839,-50.3800
Riacho_Fundo,-15.8833,-48.0175
Santa_Luz,-8.9539,-44.1289
Nova_Palma,-29.4719,-53.4689
Belo_Horizonte,-19.9167,-43.9333
Três_Barras,-26.1064,-50.3222
Rio_das_Flores,-22.1678,-43.5858
Dois_Irmãos,-29.5800,-51.0850
Três_Barras,-26.1064,-50.3222
Porto_Novo,6.4972,2.6050
Porto_Novo,6.4972,2.6050
São_Romão,-16.3689,-46.0689
São_Romão,-16.3689,-46.0689
Boa_Hora,-4.4108,-42.0858
Morro_Redondo,-31.5883,-52.6319
Augusto_Severo,-5.8639,-37.3100
Sete_Barras,-24.3878,-47.9256
Barra_Mansa,-22.5439,-44.1708
Santo_Inácio,-22.6978,-51.7939
Capão_Redondo,-23.6686,-46.7700
Monte_Verde,-41.5047,-73.2044
Ponte_Nova,-20.4158,-42.9089
Vaz_Lobo,-22.8592,-43.3289
Cruz_das_Almas,-12.6700,-39.1019
São_Jerônimo,-29.9589,-51.7219
São_Jerônimo,-29.9589,-51.7219
Barra_da_Estiva,-13.6258,-41.3269
Espírito_Santo,-20.2667,-40.2833
Espírito_Santo,-20.2667,-40.2833
São_Victor,41.5550,-8.4100
Pôrto_Alegre,-30.0331,-51.2300
Porto_Alegre,-30.0331,-51.2300
Pôrto_Alegre,-30.0331,-51.2300
Pôrto_Alegre,-30.0331,-51.2300
Morada_Nova,-5.1069,-38.3728
Riacho_dos_Cavalos,-6.4428,-37.6508
Santarém_Novo,-0.9333,-47.3833
Parque_Columbia,-22.8150,-43.3411
Rio_do_Ouro,23.0000,-13.0000
Campina_Grande,-7.2306,-35.8811
Novo_Oriente,-5.5339,-40.7739
Morro_Agudo,-20.7314,-48.0578
Senador_Vasconcelos,-22.8956,-43.5275
João_Dias,-6.2739,-37.7958
Serra_Negra,-22.6119,-46.7008
Barro_Preto,-14.8100,-39.4708
Abreu_e_Lima,-7.9117,-34.9028
Ribeirão_Grande,-24.0992,-48.3653
São_Benedito,-4.0489,-40.8650
Porto_Real,-22.4200,-44.2900
Gado_Bravo,-7.5828,-35.7908
Santa_Teresinha,-12.7719,-39.5228
Morro_Grande,-28.8006,-49.7208
Morro_Grande,-28.8006,-49.7208
Júlio_de_Castilhos,-29.2269,-53.6817
Rio_das_Antas,-26.8986,-51.0744
Ponto_Chique,-16.6319,-45.0667
São_Romão,-16.3689,-46.0689
Capão_Redondo,-23.6686,-46.7700
Rio_Grande,37.7975,-107.5431
Santa_Terezinha,-10.4700,-50.5028
São_Joaquim,-28.2939,-49.9319
São_Joaquim,-28.2939,-49.9319
São_Cristóvão,-11.0150,-37.2058
Baixa_Grande,-11.9600,-40.1678
Cachoeira_Grande,-2.9269,-44.0578
Canoa_Quebrada,-4.5283,-37.6928
Buenos_Aires,-34.6033,-58.3817
Capim_Grosso,-11.3808,-40.0128
Novo_Jardim,-11.8667,-46.5667
Serra_Pelada,-5.9442,-49.6647
Santa_Amélia,-23.2658,-50.4239
Barra_Velha,-26.6156,-48.6847
Santo_Angelo,-28.2833,-54.2500
Água_Fria,-11.8669,-38.7669
Vila_Rica,-20.3853,-43.5036
Lajeado_Grande,-26.8581,-52.5672
Barra_Funda,-27.9228,-53.0389
Praça_do_Carmo,-22.8394,-43.2961
Várzea_Alegre,-6.7889,-39.2958
São_Caitano,-8.3258,-36.1428
São_Paulo,-23.5500,-46.6333
Santa_Gertrudes,-22.4567,-47.5303
Santa_Gertrudes,-22.4567,-47.5303
São_Joaquim,-28.2939,-49.9319
São_Roberto,-5.0208,-44.9908
Pedra_Preta,-16.6228,-54.4739
Bom_Conselho,-9.1700,-36.6800
Barra_Grande,-3.2747,-39.2003
Barra_Grande,-3.2747,-39.2003
Boa_Hora,-4.4108,-42.0858
Santa_Teresinha,-12.7719,-39.5228
Ponte_Alta,-27.4839,-50.3800
São_Sebastião_da_Bela_Vista,-22.1589,-45.7539
Ribeirão_Branco,-24.2208,-48.7656
Santo_Inácio,-22.6978,-51.7939
Santo_Inácio,-22.6978,-51.7939
Mata_Verde,-15.6858,-40.7408
São_Cristóvão,-11.0150,-37.2058
São_Cristóvão,-11.0150,-37.2058
São_Cristóvão,-11.0150,-37.2058
Campo_Grande,-20.4839,-54.6150
Córrego_Fundo,-20.4489,-45.5550
Capim_Branco,-19.5489,-44.1169
Santa_Paula,34.3558,-119.0683
Volta_Grande,-21.7708,-42.5389
Volta_Grande,-21.7708,-42.5389
Morro_Redondo,-31.5883,-52.6319
Espírito_Santo,-20.2667,-40.2833
Ouro_Preto,-20.3853,-43.5036
Campos_Novos,-27.4019,-51.2250
Ouro_Prêto,-20.3853,-43.5036
Lagoa_de_Dentro,-6.6728,-35.3789
Casa_Nova,-9.1619,-40.9708
Passo_do_Sabão,-30.0700,-51.1108
Lagoa_Vermelha,-28.2089,-51.5258
Vargem_Alta,-20.6708,-41.0069
Mata_Verde,-15.6858,-40.7408
Porto_Alegre,-30.0331,-51.2300
Rio_Vermelho,-18.2939,-43.0089
Quatro_Irmãos,-27.8208,-52.4389
Santa_Lúcia,-21.6850,-48.0842
Lagoa_Nova,-6.1678,-36.7925
Belo_Monte,-9.8278,-37.2800
Gado_Bravo,-7.5828,-35.7908
São_Tomé,0.3361,6.7306
Tomas_Coelho,-22.8667,-43.3061
Serra_Azul,-21.3108,-47.5656
Monte_Verde,-41.5047,-73.2044
Pedra_Azul,-16.0050,-41.2969
Barros_Filho,-22.8364,-43.3656
Três_Marias,-18.2000,-45.2333
Bom_Princípio,-29.4833,-51.3500
Três_Barras,-26.1064,-50.3222
São_Joaquim,-28.2939,-49.9319
Montes_Claros,-16.7306,-43.8639
São_Felipe,-12.8469,-39.0889
Vermelho_Velho,-19.9833,-42.3333
Bom_Princípio,-29.4833,-51.3500
Ponte_Nova,-20.4158,-42.9089
Campo_Grande,-20.4839,-54.6150
Mato_Grande,14.8631,-24.6889
Dois_Irmãos,-29.5800,-51.0850
Dois_Irmãos,-29.5800,-51.0850
Belo_Horizonte,-19.9167,-43.9333
Belo_Horizonte,-19.9167,-43.9333
Rio_Grande,37.7975,-107.5431
Pouso_Alegre,-22.2281,-45.9336
Tanque_Novo,-13.5458,-42.4908
Santa_Inês,-3.6689,-45.3839
Treze_de_Maio,-28.5589,-49.1478
Volta_Grande,-21.7708,-42.5389
Ilha_Grande,-23.1500,-44.2333
Jardim_Paulista,-22.8833,-43.5667
Barra_Velha,-26.6156,-48.6847
Pedra_Furada,-8.8333,-42.5533
Córrego_Fundo,-20.4489,-45.5550
Água_Comprida,-20.0558,-48.1089
Bom_Nome,-7.9947,-38.6231
São_Gregório,39.3950,-9.1189
Fazenda_Nova,-16.1867,-50.7747
São_Paulo,-23.5500,-46.6333
São_Paulo,-23.5500,-46.6333
Vargem_Grande,-3.5431,-43.9158
Arroio_Grande,-32.2378,-53.0869
Bento_Ribeiro,-22.8672,-43.3608
Santa_Monica,34.0219,-118.4814
Bela_Vista,-23.5603,-46.6486
São_Manuel,-22.7308,-48.5708
Vila_Verde,41.6500,-8.4333
Santa_Mônica,-23.1078,-53.1089
Belo_Campo,-15.0378,-41.2600
Recreio_dos_Bandeirantes,-23.0164,-43.4792
Monte_Sião,-22.4328,-46.5728
Água_Doce,-26.9978,-51.5558
Curral_Grande,14.9589,-24.4569
Barra_do_Rio_Azul,-27.3833,-52.4333
São_Joaquim,-28.2939,-49.9319
Santo_Inácio,-22.6978,-51.7939
Buenos_Aires,-34.6033,-58.3817
Lagoa_Vermelha,-28.2089,-51.5258
Rio_das_Mortes,-11.7333,-50.7167
Tras_Os_Montes,41.4833,-7.2167
Barra_da_Estiva,-13.6258,-41.3269
Ilha_Brava,14.8667,-24.7000
Lagoa_de_Dentro,-6.6728,-35.3789
Anta_Gorda,-28.9700,-52.0050
Anta_Gorda,-28.9700,-52.0050
Barro_Duro,-5.8178,-42.5128
Poço_Redondo,-9.8058,-37.6850
Monte_Rosa,45.9369,7.8667
Rio_Fortuna,-28.1000,-49.1167
Mata_Grande,-9.1178,-37.7339
Santa_Lúcia,-21.6850,-48.0842
Mangue_Seco,-11.6778,-37.5083
São_Francisco_Xavier,-22.9117,-45.9572
Barro_Preto,-14.8100,-39.4708
Pau_dos_Ferros,-6.1108,-38.2089
Barro_Preto,-14.8100,-39.4708
Santa_Cecilia,42.0519,-3.8031
Santa_Cecília,-26.9608,-50.4269
São_Paulo,-23.5500,-46.6333
Praça_Seca,-22.8978,-43.3522
Quinze_de_Novembro,-28.7419,-53.0950
Bela_Vista,-23.5603,-46.6486
Bela_Vista,-23.5603,-46.6486
Bela_Vista,-23.5603,-46.6486
Mata_Redonda,9.9353,-84.1106
Lima_Campos,-6.4167,-38.9500
Mato_Alto,-22.9083,-43.3583
Vila_Militar,-22.8650,-43.4028
Córrego_Novo,-19.8319,-42.3958
Santo_Cristo,-27.8239,-54.6628
Nossa_Senhora_do_Carmo,-8.8161,13.2331
Lagoa_do_Carro,-7.8450,-35.3200
Bom_Lugar,-4.2200,-45.0389
São_Marcos,-28.9708,-51.0678
São_Marcos,-28.9708,-51.0678
Dom_Pedrito,-30.9669,-54.6669
Boa_Hora,-4.4108,-42.0858
Bela_Vista,-23.5603,-46.6486
Olhos_de_Água,37.0953,-8.1739
Bom_Lugar,-4.2200,-45.0389
Barra_Mansa,-22.5439,-44.1708
Lagoa_Seca,-7.1708,-35.8539
Dois_Irmãos,-29.5800,-51.0850
Lagoa_Seca,-7.1708,-35.8539
Novo_Mundo,-9.9500,-55.1978
Engenho_Velho,-27.7078,-52.9128
Monte_Sião,-22.4328,-46.5728
Ouro_Prêto,-20.3853,-43.5036
Volta_Grande,-21.7708,-42.5389
Volta_Grande,-21.7708,-42.5389
Volta_Grande,-21.7708,-42.5389
Volta_Grande,-21.7708,-42.5389
Espírito_Santo,-20.2667,-40.2833
Monte_Belo,-21.3258,-46.3678
Duas_Barras,-22.0508,-42.5219
Vila_Velha,-20.3364,-40.2936
Vicente_de_Carvalho,-22.8569,-43.3172
Ilha_Grande,-23.1500,-44.2333
Riacho_dos_Cavalos,-6.4428,-37.6508
Morro_Redondo,-31.5883,-52.6319
Água_Fria,-11.8669,-38.7669
La_Paz,-16.5000,-68.1500
Nova_Petrópolis,-29.3669,-51.1000
Vargem_Grande,-3.5431,-43.9158
São_João_da_Serra,-5.5139,-41.8989
Costa_Barros,-22.8242,-43.3656
São_Gotardo,-19.3108,-46.0489
Nova_América,-15.0236,-49.8919
Engenho_Novo,-22.9081,-43.2681
São_Paulo,-23.5500,-46.6333
Rio_Vermelho,-18.2939,-43.0089
Cabeceira_Grande,-16.0328,-47.0708
Água_Comprida,-20.0558,-48.1089
Praia_Grande,-24.0061,-46.4028
Serra_Negra,-22.6119,-46.7008
Cabo_Verde,14.9167,-23.5167
Água_Doce,-26.9978,-51.5558
Nova_Almeida,-20.0500,-40.2000
Bela_Vista,-23.5603,-46.6486
Bela_Vista,-23.5603,-46.6486
Bela_Vista,-23.5603,-46.6486
Brejo_Grande,-11.2619,-37.6200
São_Benedito,-4.0489,-40.8650
Caldeirão_Grande,-11.0200,-40.3028
Bom_Jesus_do_Norte,-21.1139,-41.6719
Lagoa_Nova,-6.1678,-36.7925
Campo_Verde,-15.5667,-55.1689
Monte_Verde,-41.5047,-73.2044
Monte_Verde,-41.5047,-73.2044
Lagoa_de_Dentro,-6.6728,-35.3789
Nova_Iorque,-6.7339,-44.0439
Pouso_Alegre,-22.2281,-45.9336
Mar_Vermelho,-9.4478,-36.3878
Volta_Grande,-21.7708,-42.5389
Sítio_Novo_do_Tocantins,-5.5167,-47.4667
Bairro_Alto,38.7122,-9.1450
Campo_Real,40.3333,-3.3833
General_Carneiro,-26.4278,-51.3158
Vargem_Grande,-3.5431,-43.9158
Brejo_Alegre,-21.1667,-50.1856
Terra_Santa,-2.1039,-56.4869
Santo_Onofre,39.4111,-9.1489
São_Sebastião_da_Vargem_Alegre,-21.0719,-42.6358
São_Francisco_Xavier,-22.9117,-45.9572
Volta_Grande,-21.7708,-42.5389
Marechal_Floriano,-20.4128,-40.6828
Alter_do_Chão,39.1833,-7.6500
Dois_Córregos,-22.3661,-48.3803
Água_Preta,-8.7069,-35.5308
Sanga_Puitã,-22.6219,-55.6214
Riacho_Fundo,-15.8833,-48.0175
Dois_Riachos,-9.3928,-37.1008
Capão_Alto,-27.9369,-50.5119
Marechal_Hermes,-22.8619,-43.3708
Barra_Grande,-3.2747,-39.2003
São_Manuel,-22.7308,-48.5708
São_Leopoldo,-29.7600,-51.1469
Itoupava_Central,-26.8167,-49.0833
Paulo_Lopes,-27.9619,-48.6839
Três_Lagoas,-20.7511,-51.6783
Mato_Grosso,-15.5667,-56.0750
Mato_Grosso,-15.5667,-56.0750
Campo_Grande,-20.4839,-54.6150
Campo_Grande,-20.4839,-54.6150
Cidade_Eclética,-15.8667,-48.3333
Vila_Bittencourt,-1.3961,-69.4267
Vargem_Alta,-20.6708,-41.0069
Barro_Duro,-5.8178,-42.5128
Vila_Velha,-20.3364,-40.2936
Água_Clara,-20.4478,-52.8778
Rancho_Queimado,-27.6725,-49.0217
Santa_Úrsula,28.4250,-16.4917
Água_Doce,-26.9978,-51.5558
Várzea_Nova,-11.2589,-40.9419
Varzea_Nova,-11.2589,-40.9419
Várzea_Nova,-11.2589,-40.9419
Ponta_Grossa,-25.4167,-49.2500
Queimada_Grande,-24.4861,-46.6750
Engenho_Novo,-22.9081,-43.2681
Ouro_Fino,-22.2828,-46.3689
Novo_Brasil,-16.0378,-50.7058
Campo_Novo,-27.6750,-53.8028
Santo_Onofre,39.4111,-9.1489
Nova_Canaã,-14.7939,-40.1419
Brejo_Grande,-11.2619,-37.6200
Dom_Bosco,-16.8300,-46.3800
São_José_do_Rio_Preto,-20.8081,-49.3811
Santa_Cecília,-26.9608,-50.4269
São_Tomé,0.3361,6.7306
Barro_Preto,-14.8100,-39.4708
Bela_Vista,-23.5603,-46.6486
Sítio_Novo,-5.8833,-46.7000
Águas_Belas,-9.1000,-35.1000
Aguas_Belas,-9.1000,-35.1000
Águas_Belas,-9.1000,-35.1000
Gado_Bravo,-7.5828,-35.7908
Gado_Bravo,-7.5828,-35.7908
Santa_Teresinha,-12.7719,-39.5228
Vale_do_Sol,-29.6039,-52.6828
Barra_Grande,-3.2747,-39.2003
Três_Barras,-26.1064,-50.3222
Água_Doce,-26.9978,-51.5558
Três_Barras,-26.1064,-50.3222
Santa_Corona,45.5492,11.5475
Montes_Claros,-16.7306,-43.8639
Jardim_Sulacap,-22.8917,-43.3956
Cidade_Universitária,-22.8531,-43.2258
Águas_Santas,41.2089,-8.5889
Lagoa_Nova,-6.1678,-36.7925
Vale_Verde,-29.7667,-52.1500
Várzea_Alegre,-6.7889,-39.2958
Mato_Grande,14.8631,-24.6889
Passo_Fundo,-28.2500,-52.4000
Novo_Mundo,-9.9500,-55.1978
Baixa_Grande,-11.9600,-40.1678
São_Fidélis,-21.6458,-41.7469
Capim_Grosso,-11.3808,-40.0128
Lagoa_Nova,-6.1678,-36.7925
Braço_do_Norte,-28.2750,-49.1658
São_Jerônimo,-29.9589,-51.7219
São_Jerônimo,-29.9589,-51.7219
Faria_Lemos,-20.8000,-42.0167
Poço_Verde,-10.7106,-38.1828
Pau_Alto,-17.9000,-39.4667
Morro_do_Chapéu,-11.5500,-41.1558
Ilha_Grande,-23.1500,-44.2333
São_Tomé,0.3361,6.7306
São_Jerônimo,-29.9589,-51.7219
Morada_Nova,-5.1069,-38.3728
Santo_André,-23.6572,-46.5333
Santo_André,-23.6572,-46.5333
Sete_Lagoas,-19.4658,-44.2469
São_Joaquim,-28.2939,-49.9319
São_Carlos,-22.0000,-47.8908
Campo_Novo,-27.6750,-53.8028
Campo_Novo,-27.6750,-53.8028
Campo_Novo,-27.6750,-53.8028
Queimada_Grande,-24.4861,-46.6750
Tanque_Novo,-13.5458,-42.4908
Riacho_Fundo,-15.8833,-48.0175
Pedra_Preta,-16.6228,-54.4739
Pedra_Preta,-16.6228,-54.4739
Campina_Verde,-19.5333,-49.4833
Bom_Princípio,-29.4833,-51.3500
Bom_Principio,-29.4833,-51.3500
Bom_Princípio,-29.4833,-51.3500
São_Benedito,-4.0489,-40.8650
Céu_Azul,-25.1469,-53.8489
Três_Barras,-26.1064,-50.3222
Campo_Redondo,-6.2428,-36.1828
Pau_Grande,-22.5844,-43.1697
Mato_Verde,-15.3981,-42.8567
Campos_Novos,-27.4019,-51.2250
Santo_Inácio,-22.6978,-51.7939
Campo_Grande,-20.4839,-54.6150
Santa_Paula,34.3558,-119.0683
Campo_Verde,-15.5667,-55.1689
Barra_da_Lagoa,-27.5781,-48.4300
Três_Lagoas,-20.7511,-51.6783
Campos_Novos,-27.4019,-51.2250
Dois_Irmãos,-29.5800,-51.0850
Cachoeira_Grande,-2.9269,-44.0578
Capim_Grosso,-11.3808,-40.0128
Lagoa_Vermelha,-28.2089,-51.5258
Capim_Grosso,-11.3808,-40.0128
Jardim_da_Luz,-23.5331,-46.6350
Lagoa_do_Ouro,-9.1269,-36.4589
Bela_Vista,-23.5603,-46.6486
Dois_Córregos,-22.3661,-48.3803
Bairro_Alto,38.7122,-9.1450
Baixa_Verde,-5.4439,-35.8211
Vila_Isabel,-22.9156,-43.2486
Porto_Alegre,-30.0331,-51.2300
Ilha_Verde,22.2114,113.5375
Boca_da_Mata,-9.6408,-36.2200
Pedra_do_Sal,-22.8981,-43.1853
Pé_de_Serra,-11.8339,-39.6128
Sítio_Novo,-5.8833,-46.7000
Boca_da_Mata,-9.6408,-36.2200
Corrego_Novo,-19.8319,-42.3958
Água_Preta,-8.7069,-35.5308
Água_Limpa,-18.0747,-48.7611
Capão_Bonito,-24.0058,-48.3494
Pouso_Alto,-22.1936,-44.9725
São_Roberto,-5.0208,-44.9908
Pouso_Alto,-22.1936,-44.9725
Presidente_Juscelino,-18.6369,-44.0578
Barra_Grande,-3.2747,-39.2003
São_Joaquim,-28.2939,-49.9319
São_Joaquim,-28.2939,-49.9319
São_Joaquim,-28.2939,-49.9319
Porto_Novo,6.4972,2.6050
Montes_Claros,-16.7306,-43.8639
Porto_Murtinho,-21.6989,-57.8828
São_Felipe,-12.8469,-39.0889
Boa_Hora,-4.4108,-42.0858
Monte_Pascoal,-16.8958,-39.4078
São_João_da_Mata,-21.9300,-45.9289
Lagoa_Formosa,-18.7789,-46.4078
Núcleo_Bandeirante,-15.8700,-47.9678
Pôrto_Velho,-8.7619,-63.9039
Campo_Grande,-20.4839,-54.6150
Campo_Grande,-20.4839,-54.6150
Belo_Horizonte,-19.9167,-43.9333
Monte_Belo,-21.3258,-46.3678
Pouso_Alegre,-22.2281,-45.9336
Barra_de_São_Francisco,-18.7550,-40.8908
Cruz_das_Almas,-12.6700,-39.1019
Vila_Velha,-20.3364,-40.2936
Alagoa_Grande,-7.0889,-35.6350
Sanga_Grande,-28.8333,-49.6333
Magalhães_Bastos,-22.8722,-43.4125
Poço_Redondo,-9.8058,-37.6850
Engenho_Novo,-22.9081,-43.2681
Bom_Nome,-7.9947,-38.6231
São_Paulo,-23.5500,-46.6333
São_Paulo,-23.5500,-46.6333
Rio_Manso,-20.2650,-44.3078
Capão_Alto,-27.9369,-50.5119
Santa_Mônica,-23.1078,-53.1089
Coração_de_Maria,-12.2328,-38.7500
Vargem_Alegre,-19.6078,-42.2978
São_Benedito,-4.0489,-40.8650
São_Benedito,-4.0489,-40.8650
Praia_Grande,-24.0061,-46.4028
Ribeirão_Claro,-23.1939,-49.7578
Santa_Teresinha,-12.7719,-39.5228
Fazenda_Montes_Claros,-19.7319,-41.8150
Penha_de_França,38.7289,-9.1311
Rio_do_Sul,-27.2167,-49.6500
Brejo_Grande,-11.2619,-37.6200
Pôrto_Alegre,-30.0331,-51.2300
Poço_Fundo,-21.7808,-45.9650
Pôrto_Alegre,-30.0331,-51.2300
Porto_Alegre,-30.0331,-51.2300
Campo_Azul,-16.5058,-44.8114
Riacho_da_Cruz,-5.9358,-37.9458
São_Carlos,-22.0000,-47.8908
Riacho_da_Cruz,-5.9358,-37.9458
Monte_Sião,-22.4328,-46.5728
Belo_Monte,-9.8278,-37.2800
São_Joaquim,-28.2939,-49.9319
São_Joaquim,-28.2939,-49.9319
Hamburgo_Velho,-29.6747,-51.1111
Monte_Azul,-15.1553,-42.8589
Varzea_Grande,-15.6469,-56.1328
Fernandes_Pinheiro,-25.4128,-50.5478
Passo_Fundo,-28.2500,-52.4000
Buenos_Aires,-34.6033,-58.3817
Gardênia_Azul,-22.9581,-43.3503
Belo_Horizonte,-19.9167,-43.9333
Santa_Terezinha,-10.4700,-50.5028
Sento_Sé,-9.7458,-41.8850
Igarapé_do_Lago,0.0717,-51.4461
Rancho_Grande,13.2536,-85.5528
Rancho_Grande,13.2536,-85.5528
Rancho_Queimado,-27.6725,-49.0217
Pôrto_Alegre,-30.0331,-51.2300
Barra_Funda,-27.9228,-53.0389
Antônio_João,-22.1911,-55.9642
Pé_de_Serra,-11.8339,-39.6128
Sao_Carlos,-22.0000,-47.8908
São_Carlos,-22.0000,-47.8908
Duas_Barras,-22.0508,-42.5219
Pedra_Furada,-8.8333,-42.5533
Baixa_Verde,-5.4439,-35.8211
Ouro_Fino,-22.2828,-46.3689
Bom_Nome,-7.9947,-38.6231
Vila_Andrade,-23.6336,-46.7361
Bom_Nome,-7.9947,-38.6231
Campo_Grande,-20.4839,-54.6150
Santa_Cecília,-26.9608,-50.4269
São_Paulo,-23.5500,-46.6333
Volta_Redonda,-22.5228,-44.1039
Barão_de_Melgaço,-16.2789,-55.9578
Barra_do_Ouro,-7.6889,-47.6828
Vargem_Pequena,-22.9806,-43.4636
Santo_Isidoro,41.2078,-8.1439
Três_Barras,-26.1064,-50.3222
Pedra_Preta,-16.6228,-54.4739
Vila_Militar,-22.8650,-43.4028
São_Benedito,-4.0489,-40.8650
Campo_Redondo,-6.2428,-36.1828
Campo_Redondo,-6.2428,-36.1828
Ponte_Alta,-27.4839,-50.3800
Igarapé_Grande,-4.5850,-44.8528
Engenho_Velho,-27.7078,-52.9128
Vargem_Bonita,-20.1739,-45.7108
Mato_Grosso,-15.5667,-56.0750
Barra_Mansa,-22.5439,-44.1708
São_Miguel_do_Tocantins,-5.5000,-47.3833
Campos_Novos,-27.4019,-51.2250
Volta_Grande,-21.7708,-42.5389
Baixa_Grande,-11.9600,-40.1678
São_Romão,-16.3689,-46.0689
Três_Lagoas,-20.7511,-51.6783
Monte_Belo,-21.3258,-46.3678
Passa_Quatro,-22.3900,-44.9669
Anta_Gorda,-28.9700,-52.0050
Nova_Alvorada,-13.6500,-59.9167
Lagoa_de_Pedras,-12.6667,-40.8167
Barra_Velha,-26.6156,-48.6847
Buenos_Aires,-34.6033,-58.3817
Morada_Nova,-5.1069,-38.3728
Morada_Nova,-5.1069,-38.3728
Vargem_Grande,-3.5431,-43.9158
Monte_Carmo,44.6150,9.1989
Campo_Novo,-27.6750,-53.8028
São_Pedro_da_Cipa,-16.0008,-54.9208
Boa_Nova,-14.3628,-40.2078
Cruz_das_Almas,-12.6700,-39.1019
Santa_Ursula,28.4250,-16.4917
Duas_Barras,-22.0508,-42.5219
Dois_Irmãos,-29.5800,-51.0850
Engenho_Novo,-22.9081,-43.2681
Três_Cachoeiras,-29.4500,-49.9333
Santa_Lúcia,-21.6850,-48.0842
Pedra_de_Guaratiba,-22.9978,-43.6400
Vila_Velha,-20.3364,-40.2936
Vargem_Grande,-3.5431,-43.9158
Boa_Nova,-14.3628,-40.2078
Vila_Verde,41.6500,-8.4333
Praia_Grande,-24.0061,-46.4028
Santo_André,-23.6572,-46.5333
São_José_das_Palmeiras,-22.5500,-47.2000
Barra_do_Mendes,-11.8100,-42.0589
Mazagão_Velho,-0.2253,-51.4325
São_Tomé,0.3361,6.7306
Mato_Verde,-15.3981,-42.8567
São_Carlos,-22.0000,-47.8908
Fazenda_Nova,-16.1867,-50.7747
São_Joaquim,-28.2939,-49.9319
Coração_de_Jesus,-16.6850,-44.3650
Buenos_Aires,-34.6033,-58.3817
Espírito_Santo,-20.2667,-40.2833
Espirito_Santo,-20.2667,-40.2833
Espírito_Santo,-20.2667,-40.2833
Mato_Grande,14.8631,-24.6889
São_Pedro_de_Rates,41.4081,-8.6261
Baixa_Grande,-11.9600,-40.1678
Boca_do_Mato,-22.9000,-43.2833
Belo_Horizonte,-19.9167,-43.9333
Belo_Horizonte,-19.9167,-43.9333
Jardim_Guanabara,-22.8117,-43.2036
Monte_Belo,-21.3258,-46.3678
Monte_Belo,-21.3258,-46.3678
São_Conrado,-22.9914,-43.2667
Ponte_Nova,-20.4158,-42.9089
Santa_Albertina,-20.0319,-50.7278
Santo_Antônio_da_Barra,-17.5583,-50.6239
João_Pinheiro,-17.7442,-46.1739
Ilha_Grande,-23.1500,-44.2333
Jardim_Carioca,-22.8058,-43.1936
Santa_Teresinha,-12.7719,-39.5228
Campo_Novo,-27.6750,-53.8028
São_Paulo,-23.5500,-46.6333
São_Paulo,-23.5500,-46.6333
Queimada_Grande,-24.4861,-46.6750
Sítio_Novo,-5.8833,-46.7000
Sítio_Novo,-5.8833,-46.7000
Monte_Carmelo,-18.7267,-47.4994
Praia_Grande,-24.0061,-46.4028
Engenho_Velho,-27.7078,-52.9128
Agua_Azul,17.2558,-92.1158
Agua_Nova,-6.2089,-38.2969
Espíritu_Santo,-15.4167,166.9000
Rio_Tavares,-27.6550,-48.5069
Poco_Fundo,-21.7808,-45.9650
Poço_Fundo,-21.7808,-45.9650
Belo_Monte,-9.8278,-37.2800
Pedra_Furada,-8.8333,-42.5533
São_Tiago,-20.9128,-44.5089
Campo_Belo,-20.8969,-45.2769
Três_Lagoas,-20.7511,-51.6783
Campo_Grande,-20.4839,-54.6150
Campo_Grande,-20.4839,-54.6150
Três_Figueiras,-30.0336,-51.1722
Vale_Formoso,40.3769,-7.3789
São_Tiago,-20.9128,-44.5089
São_João_do_Paraíso,-15.3133,-42.0150
Bela_Cruz,-3.0508,-40.1678
Barra_da_Tijuca,-22.9994,-43.3658
Água_Grande,0.3333,6.7333
Baixa_Verde,-5.4439,-35.8211
Santo_Onofre,39.4111,-9.1489
Mata_Verde,-15.6858,-40.7408
Várzea_Nova,-11.2589,-40.9419
Pôrto_Alegre,-30.0331,-51.2300
Porto_Alegre,-30.0331,-51.2300
Pôrto_Alegre,-30.0331,-51.2300
Barra_Funda,-27.9228,-53.0389
Novo_Oriente,-5.5339,-40.7739
Novo_Alegre,-12.9308,-46.5739
Engenheiro_Leal,-22.8744,-43.3250
Monte_Dourado,-0.8642,-52.5403
Ponto_Novo,-10.8619,-40.1339
Ribeirão_Claro,-23.1939,-49.7578
Mato_Alto,-22.9083,-43.3583
Mato_Alto,-22.9083,-43.3583
São_Vítor,41.5550,-8.4100
Rio_Manso,-20.2650,-44.3078
Poço_Verde,-10.7106,-38.1828
Três_Marias,-18.2000,-45.2333
Córrego_do_Ouro,-16.6472,-50.5478
Caldeirão_Grande,-11.0200,-40.3028
Pouso_Alto,-22.1936,-44.9725
Lagoa_Nova,-6.1678,-36.7925
Pedro_Velho,-6.4389,-35.2208
Jardim_América,-22.8106,-43.3233
Poço_Dantas,-6.4028,-38.4950
São_Cristóvão,-11.0150,-37.2058
Porto_de_Galinhas,-8.5011,-35.0000
Campo_Grande,-20.4839,-54.6150
São_Valério_da_Natividade,-11.9833,-48.1667
São_Tiago,-20.9128,-44.5089
Vicente_de_Carvalho,-22.8569,-43.3172
Três_Passos,-27.4558,-53.9319
São_Jerônimo,-29.9589,-51.7219
Santo_André,-23.6572,-46.5333
Vale_Verde,-29.7667,-52.1500
Jardim_Paulista,-22.8833,-43.5667
Campo_Novo,-27.6750,-53.8028
Rio_Acima,-20.0878,-43.7889
Passa_Tempo,-20.6508,-44.4958
Rio_Acima,-20.0878,-43.7889
Ingleses_do_Rio_Vermelho,-27.4500,-48.3667
Antônio_Dias,-19.6528,-42.8719
Bom_Fim,-30.0325,-51.2122
Águas_Belas,-9.1000,-35.1000
Sagrada_Família,41.4036,2.1744
Três_Marias,-18.2000,-45.2333
São_Manuel,-22.7308,-48.5708
Águas_Belas,-9.1000,-35.1000
Aguas_Belas,-9.1000,-35.1000
Águas_Belas,-9.1000,-35.1000
Santa_Teresinha,-12.7719,-39.5228
Morro_Grande,-28.8006,-49.7208
Vargem_Bonita,-20.1739,-45.7108
Bom_Princípio,-29.4833,-51.3500
Campo_do_Meio,-21.1069,-45.8300
Dom_Joaquim,-18.9500,-43.2667
Casa_Grande,32.8858,-111.7439
Morada_Nova,-5.1069,-38.3728
Lagoa_Nova,-6.1678,-36.7925
Anta_Gorda,-28.9700,-52.0050
Praia_da_Bandeira,-22.8117,-43.1794
Rocha_Miranda,-22.8483,-43.3464
Barra_de_Guaratiba,-23.0761,-43.5478
Pôrto_Velho,-8.7619,-63.9039
Serra_Alta,-26.7292,-53.0422
Porto_Formoso,37.8219,-25.4256
Borda_da_Mata,-22.2739,-46.1650
Vila_Isabel,-22.9156,-43.2486
São_Carlos,-22.0000,-47.8908
São_Carlos,-22.0000,-47.8908
São_José_do_Peixe,-7.4939,-42.5639
Porto_Velho,-8.7619,-63.9039
Pôrto_Velho,-8.7619,-63.9039
Bonfim_Paulista,-21.2667,-47.8167
Santa_Lúcia,-21.6850,-48.0842
Duas_Barras,-22.0508,-42.5219
Engenho_da_Rainha,-22.8631,-43.2956
São_Francisco_Xavier,-22.9117,-45.9572
Serra_da_Canastra,-20.3494,-46.6383
Tanque_Novo,-13.5458,-42.4908
Nossa_Senhora_do_Carmo,-8.8161,13.2331
Capitão_de_Campos,-4.4569,-41.9439
Pouso_Alto,-22.1936,-44.9725
São_Manuel,-22.7308,-48.5708
Porto_Seguro,-16.4333,-39.0833
São_Manuel,-22.7308,-48.5708
Lagoa_Azul,0.4064,6.6103
